Fighter,Total_Fights,Total_Wins,Avg_CTRL_sec,Avg_HEAD_landed,Avg_BODY_landed,Avg_LEG_landed,Avg_TD_landed,Win_Rate,Avg_Total_Strikes
Khabib Nurmagomedov,11,11,141.0,14.55,1.27,0.82,1.73,100.0,16.64
Kyoji Horiguchi,8,8,65.25,10.75,4.12,1.88,0.38,100.0,16.75
Francis Ngannou,7,7,19.71,8.0,2.14,1.71,0.14,100.0,11.86
Manon Fiorot,7,7,17.71,16.57,6.71,5.43,0.29,100.0,28.71
Movsar Evloev,7,7,139.0,9.71,1.71,0.86,1.57,100.0,12.29
Don Frye,6,6,0.0,5.5,1.0,0.5,0.17,100.0,7.0
Ilia Topuria,6,6,47.0,10.5,5.83,2.83,0.5,100.0,19.17
Khamzat Chimaev,6,6,204.33,16.33,1.5,0.83,1.33,100.0,18.67
Michael Morales,6,6,25.83,19.67,1.83,3.67,0.0,100.0,25.17
Muhammad Mokaev,6,6,153.17,6.83,3.0,1.5,1.33,100.0,11.33
Natalia Silva,6,6,24.33,9.17,3.5,4.33,0.0,100.0,17.0
Vitor Petrino,6,6,128.17,8.17,3.0,0.83,1.17,100.0,12.0
Aiemann Zahabi,5,5,2.6,9.0,3.0,1.6,0.0,100.0,13.6
Chris Duncan,5,5,64.6,13.0,3.0,4.0,0.6,100.0,20.0
Joshua Van,5,5,1.4,11.4,3.4,3.6,0.0,100.0,18.4
Roger Huerta,5,5,109.0,12.4,3.4,0.2,0.8,100.0,16.0
Shavkat Rakhmonov,5,5,173.6,10.6,5.2,0.0,0.4,100.0,15.8
Tagir Ulanbekov,5,5,127.0,10.0,2.2,0.8,0.8,100.0,13.0
Azamat Murzakanov,4,4,19.25,9.0,2.75,0.25,0.25,100.0,12.0
Bo Nickal,4,4,120.5,8.5,1.25,0.5,1.25,100.0,10.25
Brett Johns,4,4,159.25,8.5,0.5,0.75,2.5,100.0,9.75
Dean Lister,4,4,58.25,3.0,1.0,0.75,1.0,100.0,4.75
Farid Basharat,4,4,102.0,8.5,3.25,4.0,0.75,100.0,15.75
Jacqueline Cavalcanti,4,4,8.5,10.75,5.75,11.75,0.0,100.0,28.25
Pat Miletich,4,4,130.25,5.5,2.25,2.0,1.0,100.0,9.75
William Gomis,4,4,81.75,3.0,3.25,8.75,0.25,100.0,15.0
Zabit Magomedsharipov,4,4,54.0,17.25,4.25,4.0,1.0,100.0,25.5
Alberto Mina,3,3,66.0,14.0,2.33,3.67,1.0,100.0,20.0
Asu Almabayev,3,3,130.0,3.67,2.67,3.67,2.33,100.0,10.0
Ateba Gautier,3,3,0.33,16.0,2.0,0.33,0.0,100.0,18.33
Carlos Prates,3,3,1.33,8.0,4.33,6.33,0.0,100.0,18.67
Cat Zingano,3,3,68.0,4.0,4.0,1.67,1.0,100.0,9.67
Cristiane Justino,3,3,10.67,19.33,9.33,4.0,0.0,100.0,32.67
Daniel Marcos,3,3,14.0,13.33,4.67,4.67,0.0,100.0,22.67
Devonte Smith,3,3,2.33,14.0,1.67,3.33,0.0,100.0,19.0
Elves Brener,3,3,44.67,5.0,5.0,6.33,0.67,100.0,16.33
Frank Shamrock,3,3,1.33,0.67,3.33,1.33,0.0,100.0,5.33
Ikram Aliskerov,3,3,12.67,16.67,8.67,1.67,0.67,100.0,27.0
Ildemar Alcantara,3,3,56.33,4.33,4.67,0.67,1.0,100.0,9.67
Jeremiah Wells,3,3,89.33,5.0,1.0,0.0,0.33,100.0,6.0
Johnny Case,3,3,76.33,9.0,4.0,3.67,1.0,100.0,16.67
Jordan Johnson,3,3,113.33,20.0,1.33,0.0,1.67,100.0,21.33
Mairon Santos,3,3,7.0,5.33,4.33,5.0,0.0,100.0,14.67
Michael Page,3,3,21.67,8.0,3.0,2.67,0.0,100.0,13.67
SuYoung You,3,3,119.33,4.67,2.33,1.67,1.33,100.0,8.67
Todd Duffee,3,3,13.33,8.67,1.67,0.33,0.0,100.0,10.67
Islam Makhachev,14,13,106.86,5.57,2.07,1.07,0.93,92.86,8.71
Georges St-Pierre,13,12,119.38,14.15,3.46,3.46,1.15,92.31,21.08
Jon Jones,12,11,95.67,8.08,5.92,5.75,0.83,91.67,19.75
Demetrious Johnson,11,10,68.27,6.18,4.73,3.18,0.73,90.91,14.09
Lerone Murphy,9,8,19.67,8.89,4.33,2.44,0.11,88.89,15.67
Maycee Barber,9,8,57.78,16.11,3.89,2.78,0.0,88.89,22.78
Brendan Allen,8,7,140.25,9.25,3.12,1.88,1.12,87.5,14.25
Dricus Du Plessis,8,7,67.88,12.25,3.5,4.75,1.0,87.5,20.5
Spencer Fisher,8,7,75.5,7.25,6.38,2.62,0.5,87.5,16.25
Zhang Weili,8,7,80.12,16.75,4.25,4.75,0.38,87.5,25.75
Carlos Ulberg,7,6,3.57,15.43,5.71,5.0,0.0,85.71,26.14
Erin Blanchfield,7,6,80.0,18.71,3.43,4.43,0.71,85.71,26.57
Ian Machado Garry,7,6,13.86,10.71,4.29,4.57,0.14,85.71,19.57
Jared Rosholt,7,6,111.86,4.29,1.86,2.0,0.43,85.71,8.14
Jasmine Jasudavicius,7,6,152.43,11.0,3.0,1.29,0.86,85.71,15.29
Jon Fitch,7,6,123.0,4.29,2.43,1.86,1.0,85.71,8.57
Pat Sabatini,7,6,169.0,6.71,0.86,0.43,1.29,85.71,8.0
Rustam Khabilov,7,6,39.14,5.71,1.14,2.29,1.0,85.71,9.14
Steve Garcia,7,6,48.86,13.57,3.14,2.43,0.43,85.71,19.14
Tatiana Suarez,7,6,218.0,9.43,3.14,1.29,1.86,85.71,13.86
Umar Nurmagomedov,7,6,130.43,9.29,3.71,1.86,1.0,85.71,14.86
Amanda Nunes,13,11,74.15,14.38,2.15,4.15,0.69,84.62,20.69
Curtis Blaydes,13,11,119.92,6.69,1.46,4.23,1.54,84.62,12.38
Forrest Griffin,12,10,47.33,10.83,3.08,5.67,0.33,83.33,19.58
Grant Dawson,12,10,175.42,8.92,1.92,1.92,1.25,83.33,12.75
Merab Dvalishvili,12,10,90.25,12.0,3.25,5.0,1.25,83.33,20.25
Abdul Razak Alhassan,6,5,57.0,9.17,1.67,1.0,0.17,83.33,11.83
Brendan Schaub,6,5,86.33,10.67,1.0,0.33,0.83,83.33,12.0
Caio Borralho,6,5,75.33,6.17,3.33,2.83,0.5,83.33,12.33
Erik Perez,6,5,85.5,9.17,5.0,3.33,1.0,83.33,17.5
James Vick,6,5,7.17,8.5,4.67,2.5,0.0,83.33,15.67
Mairbek Taisumov,6,5,11.0,8.0,2.17,3.0,0.33,83.33,13.17
Martin Buday,6,5,45.83,17.17,2.17,3.5,0.17,83.33,22.83
Matt Lindland,6,5,159.0,9.0,0.83,2.0,0.83,83.33,11.83
Norman Parke,6,5,68.83,8.33,3.17,2.33,0.5,83.33,13.83
Taylor Lapilus,6,5,22.67,16.33,5.5,2.67,0.0,83.33,24.5
Joanna Jedrzejczyk,11,9,36.91,8.73,5.18,7.45,0.0,81.82,21.36
Magomed Ankalaev,11,9,31.55,8.0,3.64,2.45,0.09,81.82,14.09
Gilbert Burns,15,12,82.33,7.73,3.27,2.8,0.93,80.0,13.8
Kamaru Usman,15,12,135.73,8.0,3.93,2.2,1.07,80.0,14.13
Randy Couture,15,12,98.53,11.0,1.67,1.4,0.73,80.0,14.07
Arman Tsarukyan,10,8,144.1,7.3,2.9,3.0,1.0,80.0,13.2
Cain Velasquez,10,8,118.8,22.0,2.9,4.2,1.2,80.0,29.1
Nathaniel Wood,10,8,38.0,13.8,2.7,8.5,0.4,80.0,25.0
Bryan Battle,5,4,60.4,7.4,7.0,1.2,0.0,80.0,15.6
Chad Laprise,5,4,61.4,8.6,4.6,5.2,0.4,80.0,18.4
Christian Leroy Duncan,5,4,108.8,8.2,4.8,8.2,0.0,80.0,21.2
Cory Sandhagen,5,4,40.0,14.2,3.4,7.2,0.4,80.0,24.8
David Teymur,5,4,7.8,10.0,4.6,8.0,0.0,80.0,22.6
Gregor Gillespie,5,4,149.2,8.8,1.4,1.0,2.0,80.0,11.2
Jack Della Maddalena,5,4,10.0,17.2,3.8,1.4,0.0,80.0,22.4
Jacob Volkmann,5,4,121.6,3.2,0.2,1.4,0.6,80.0,4.8
Jamey-Lyn Horth,5,4,28.8,10.6,5.2,3.0,0.4,80.0,18.8
Jiri Prochazka,5,4,29.4,20.4,3.8,1.8,0.2,80.0,26.0
Loma Lookboonmee,5,4,33.6,7.2,7.8,4.4,1.0,80.0,19.4
Mike Malott,5,4,39.6,7.0,4.2,5.4,0.6,80.0,16.6
Miles Johns,5,4,37.6,10.6,0.8,3.0,0.0,80.0,14.4
Paddy Pimblett,5,4,33.8,17.2,5.2,7.4,0.4,80.0,29.8
Patrick Smith,5,4,0.0,3.0,1.8,0.4,0.4,80.0,5.2
Raul Rosas Jr.,5,4,200.0,2.8,1.0,1.4,1.8,80.0,5.2
Rinat Fakhretdinov,5,4,117.0,15.0,2.8,5.0,0.6,80.0,22.8
Sean Woodson,5,4,9.6,18.6,7.2,5.6,0.0,80.0,31.4
Tatsuro Taira,5,4,171.8,7.2,1.2,2.2,0.8,80.0,10.6
Raquel Pennington,14,11,36.29,9.79,5.71,2.14,0.14,78.57,17.64
Aaron Simpson,9,7,113.89,10.89,3.44,4.78,1.0,77.78,19.11
Alonzo Menifield,9,7,39.33,12.67,1.0,1.22,0.11,77.78,14.89
Benson Henderson,9,7,47.0,4.56,4.67,5.22,0.33,77.78,14.44
Chris Gutierrez,9,7,11.44,5.67,2.56,11.22,0.0,77.78,19.44
Derek Brunson,9,7,107.78,9.11,0.56,0.56,0.22,77.78,10.22
Fares Ziam,9,7,77.78,7.67,3.22,3.0,0.44,77.78,13.89
Paul Felder,9,7,41.0,9.33,3.11,3.33,0.0,77.78,15.78
Sean Brady,9,7,65.67,9.67,1.89,7.33,0.78,77.78,18.89
Stephan Bonnar,9,7,119.44,8.44,3.11,1.33,0.67,77.78,12.89
Yan Xiaonan,9,7,16.22,13.22,2.33,5.44,0.11,77.78,21.0
Alexander Volkanovski,13,10,59.23,11.62,3.38,7.69,0.46,76.92,22.69
Alexandre Pantoja,13,10,57.85,11.46,4.15,4.46,0.38,76.92,20.08
Valentina Shevchenko,13,10,102.54,8.31,2.69,3.46,0.92,76.92,14.46
Yair Rodriguez,13,10,32.0,9.69,4.62,6.31,0.23,76.92,20.62
Rich Franklin,16,12,32.0,10.5,4.88,2.06,0.12,75.0,17.44
Colby Covington,12,9,147.25,9.17,2.08,3.42,2.0,75.0,14.67
Fabricio Werdum,12,9,41.58,7.83,2.08,3.58,0.5,75.0,13.5
Glover Teixeira,12,9,63.75,7.92,2.5,0.67,0.67,75.0,11.08
Sean O'Malley,12,9,1.08,15.25,7.17,3.83,0.0,75.0,26.25
Thiago Santos,12,9,22.25,8.33,5.42,4.25,0.08,75.0,18.0
Alex Pereira,8,6,2.0,5.0,5.75,9.38,0.0,75.0,20.12
Dan Severn,8,6,0.0,8.38,2.62,1.0,0.62,75.0,12.0
Drakkar Klose,8,6,71.25,4.75,4.88,3.5,0.62,75.0,13.12
Elias Theodorou,8,6,31.62,7.0,8.5,5.75,0.0,75.0,21.25
Giga Chikadze,8,6,10.62,6.5,4.5,3.12,0.12,75.0,14.12
JunYong Park,8,6,79.12,16.5,2.75,2.25,0.5,75.0,21.5
Leonardo Santos,8,6,44.88,7.38,3.25,2.62,0.5,75.0,13.25
Matt Hamill,8,6,75.88,24.0,0.38,3.12,0.88,75.0,27.5
Nate Quarry,8,6,20.12,11.12,4.5,3.38,0.12,75.0,19.0
Norma Dumont,8,6,52.25,10.25,2.12,4.38,0.5,75.0,16.75
Sergei Pavlovich,8,6,13.88,12.62,0.5,0.62,0.0,75.0,13.75
TJ Grant,8,6,46.62,16.75,8.88,3.62,0.25,75.0,29.25
Waldo Cortes Acosta,8,6,25.12,11.12,4.38,3.0,0.12,75.0,18.5
Ailin Perez,4,3,122.5,6.5,1.75,1.5,1.25,75.0,9.75
Allan Nascimento,4,3,40.75,3.0,1.75,6.75,0.5,75.0,11.5
Andre Ewell,4,3,16.25,13.25,5.5,2.75,0.5,75.0,21.5
Askar Askarov,4,3,155.75,8.75,1.75,1.0,0.75,75.0,11.5
Carlos Hernandez,4,3,43.75,12.5,3.75,2.25,0.5,75.0,18.5
Charles Radtke,4,3,122.25,10.25,0.75,3.25,0.5,75.0,14.25
Chepe Mariscal,4,3,83.75,8.0,4.5,3.75,1.0,75.0,16.25
Christian Rodriguez,4,3,63.25,6.5,4.25,0.25,0.5,75.0,11.0
Claudio Puelles,4,3,51.5,1.5,0.5,0.5,1.0,75.0,2.5
Denise Gomes,4,3,59.75,10.5,4.75,2.25,0.5,75.0,17.5
Diego Lopes,4,3,46.0,17.25,1.5,2.5,0.25,75.0,21.25
Eliot Marshall,4,3,16.5,6.25,0.5,1.0,0.25,75.0,7.75
Gabriel Bonfim,4,3,77.5,7.25,1.25,6.5,1.5,75.0,15.0
George Sullivan,4,3,105.5,11.5,5.5,6.5,1.0,75.0,23.5
Gerald Harris,4,3,23.5,6.75,0.0,0.25,0.5,75.0,7.0
Guy Mezger,4,3,0.0,6.25,1.5,2.25,0.0,75.0,10.0
Jeremy Kennedy,4,3,161.75,6.5,1.75,0.25,1.5,75.0,8.5
Jimy Hettes,4,3,148.0,18.0,2.0,0.5,2.0,75.0,20.5
Joe Solecki,4,3,149.75,11.0,0.5,1.5,0.75,75.0,13.0
Jon Madsen,4,3,57.5,11.5,1.0,4.0,0.5,75.0,16.5
Karine Silva,4,3,84.5,5.5,3.25,4.25,0.75,75.0,13.0
Karl Williams,4,3,119.0,9.5,1.5,2.5,2.0,75.0,13.5
Ketlen Souza,4,3,70.5,8.25,4.5,3.25,0.25,75.0,16.0
Luis Pena,4,3,172.0,17.0,2.0,0.75,0.0,75.0,19.75
Magomed Mustafaev,4,3,29.75,7.5,3.5,1.25,0.0,75.0,12.25
Manuel Torres,4,3,8.75,9.5,5.5,1.25,0.0,75.0,16.25
Mateusz Rebecki,4,3,68.25,16.25,7.5,4.25,0.75,75.0,28.0
Mick Parkin,4,3,46.0,8.75,1.0,9.75,0.5,75.0,19.5
Mickey Gall,4,3,88.0,7.5,0.5,0.75,0.75,75.0,8.75
Muhammad Naimov,4,3,73.75,7.25,3.75,2.25,0.5,75.0,13.25
Nicholas Musoke,4,3,75.0,9.75,4.0,3.0,0.25,75.0,16.75
Nick Hein,4,3,19.25,6.25,3.0,2.25,0.75,75.0,11.5
Oumar Sy,4,3,126.25,7.0,2.25,4.75,1.25,75.0,14.0
Payton Talbott,4,3,28.25,15.0,7.25,3.25,0.5,75.0,25.5
Pedro Rizzo,4,3,39.25,4.25,1.0,4.75,0.25,75.0,10.0
Phil Rowe,4,3,0.0,3.5,1.0,2.0,0.0,75.0,6.5
Philipe Lins,4,3,22.75,11.25,3.5,5.75,0.25,75.0,20.5
Rinya Nakamura,4,3,124.5,6.25,2.75,2.5,0.75,75.0,11.5
Roan Carneiro,4,3,160.5,6.5,1.0,1.25,1.25,75.0,8.75
Rodrigo Nascimento,4,3,39.0,15.5,3.5,3.25,0.25,75.0,22.25
Ronny Markes,4,3,147.25,5.0,1.0,3.75,1.25,75.0,9.75
Ryan Hall,4,3,93.75,3.5,3.25,1.75,0.0,75.0,8.5
Ryan Jimmo,4,3,55.5,7.0,6.0,6.5,0.25,75.0,19.5
Sean Pierson,4,3,102.0,17.25,5.25,3.75,0.25,75.0,26.25
Shara Magomedov,4,3,4.25,8.5,7.25,11.75,0.0,75.0,27.5
Siyar Bahadurzada,4,3,25.0,9.0,4.0,0.0,0.0,75.0,13.0
Steve Erceg,4,3,13.25,16.75,4.0,5.25,0.0,75.0,26.0
Tim Kennedy,4,3,82.75,3.25,1.0,3.5,0.5,75.0,7.75
Tomasz Drwal,4,3,88.75,18.5,0.75,3.75,2.0,75.0,23.0
Valter Walker,4,3,78.25,3.25,0.5,1.75,1.25,75.0,5.5
Vinicius Oliveira,4,3,66.5,3.75,2.75,3.0,0.5,75.0,9.5
Vitor Miranda,4,3,43.25,12.0,2.25,2.5,0.25,75.0,16.75
Wang Cong,4,3,15.0,8.0,7.0,7.25,0.25,75.0,22.25
Belal Muhammad,15,11,35.87,13.27,2.67,2.67,0.33,73.33,18.6
Nikita Krylov,15,11,95.2,12.67,4.6,3.47,0.67,73.33,20.73
Petr Yan,15,11,24.0,9.93,4.33,3.8,0.2,73.33,18.07
Al Iaquinta,11,8,37.0,9.09,3.0,2.27,0.09,72.73,14.36
Ciryl Gane,11,8,27.82,6.45,6.73,8.09,0.18,72.73,21.27
Daniel Cormier,11,8,116.73,9.82,3.36,2.91,0.91,72.73,16.09
Jonathan Martinez,11,8,45.55,7.73,5.0,5.82,0.09,72.73,18.55
Loopy Godinez,11,8,95.27,15.36,3.09,1.55,1.18,72.73,20.0
Mario Bautista,11,8,70.91,6.91,3.55,3.55,0.73,72.73,14.0
Michal Oleksiejczuk,11,8,27.36,16.36,6.27,0.73,0.18,72.73,23.36
Michel Pereira,11,8,7.73,5.36,7.73,1.09,0.18,72.73,14.18
Michel Prazeres,11,8,111.45,8.18,0.64,1.55,1.27,72.73,10.36
Roman Dolidze,11,8,71.55,8.18,1.73,3.82,0.45,72.73,13.73
Stipe Miocic,11,8,13.36,11.91,2.55,4.82,0.18,72.73,19.27
Yoel Romero,11,8,31.0,5.36,2.09,4.91,0.64,72.73,12.36
Yushin Okami,11,8,79.27,7.0,1.36,0.91,0.36,72.73,9.27
Chuck Liddell,14,10,32.07,13.14,1.5,3.36,0.36,71.43,18.0
Israel Adesanya,14,10,1.79,5.57,3.21,6.93,0.0,71.43,15.71
Jake Matthews,14,10,64.29,10.29,2.14,1.36,0.43,71.43,13.79
Adrian Yanez,7,5,3.71,18.29,3.71,2.43,0.0,71.43,24.43
Alexa Grasso,7,5,22.0,13.57,4.0,5.0,0.29,71.43,22.57
Anthony Hernandez,7,5,109.0,14.0,2.43,1.14,1.57,71.43,17.57
Brandon Royval,7,5,16.0,10.86,3.43,2.0,0.0,71.43,16.29
Brunno Ferreira,7,5,14.0,8.43,2.57,2.71,0.14,71.43,13.71
Bryan Caraway,7,5,60.43,9.0,1.29,0.57,0.57,71.43,10.86
Bryce Mitchell,7,5,140.86,4.43,3.43,1.43,0.86,71.43,9.29
Daniel Rodriguez,7,5,2.71,10.29,4.86,6.86,0.0,71.43,22.0
Dominick Cruz,7,5,11.71,14.43,3.43,4.43,0.86,71.43,22.29
Erik Koch,7,5,33.29,7.57,1.86,1.57,0.14,71.43,11.0
Francis Carmont,7,5,113.14,2.71,1.86,1.43,0.29,71.43,6.0
Ignacio Bahamondes,7,5,22.86,16.14,5.43,6.86,0.0,71.43,28.43
Joel Alvarez,7,5,4.29,14.29,4.14,4.14,0.0,71.43,22.57
John Hathaway,7,5,85.86,7.43,3.14,3.0,1.14,71.43,13.57
Josh Barnett,7,5,61.86,6.0,3.43,2.14,0.29,71.43,11.57
Krzysztof Soszynski,7,5,56.14,9.0,1.71,3.71,0.29,71.43,14.43
Michael McDonald,7,5,19.0,14.43,2.14,1.43,0.14,71.43,18.0
Mike Pierce,7,5,152.14,4.14,2.14,2.14,1.14,71.43,8.43
Paul Kelly,7,5,98.57,13.43,4.0,1.57,0.43,71.43,19.0
Royce Gracie,7,5,0.0,0.86,0.29,1.43,0.43,71.43,2.57
Sage Northcutt,7,5,53.71,10.86,3.0,1.71,0.71,71.43,15.57
Shane Burgos,7,5,19.43,14.29,4.86,4.14,0.29,71.43,23.29
Stevie Ray,7,5,18.71,5.57,2.29,3.57,0.14,71.43,11.43
Tom Aspinall,7,5,36.0,11.0,2.71,4.14,0.29,71.43,17.86
Aljamain Sterling,17,12,80.71,7.53,5.47,4.29,0.94,70.59,17.29
Frankie Edgar,17,12,72.06,9.41,2.59,2.65,0.65,70.59,14.65
Leon Edwards,17,12,83.53,5.65,2.88,2.47,0.65,70.59,11.0
Michael Bisping,17,12,38.94,10.41,3.71,2.94,0.29,70.59,17.06
Thales Leites,17,12,97.71,5.41,0.59,1.82,0.53,70.59,7.82
Vicente Luque,17,12,39.0,9.29,2.71,6.12,0.29,70.59,18.12
Arnold Allen,10,7,42.4,13.8,2.8,2.3,0.4,70.0,18.9
Cezar Ferreira,10,7,53.0,3.8,2.6,3.0,0.5,70.0,9.4
Julianna Pena,10,7,72.3,14.2,3.0,1.1,0.6,70.0,18.3
Mike Swick,10,7,57.5,3.5,1.3,2.9,0.2,70.0,7.7
Nassourdine Imavov,10,7,39.1,8.9,3.8,3.9,0.5,70.0,16.6
Phil Davis,10,7,76.5,7.9,4.0,3.1,0.7,70.0,15.0
Said Nurmagomedov,10,7,21.7,6.8,3.3,2.9,0.2,70.0,13.0
Tyron Woodley,10,7,47.8,6.3,4.1,1.6,0.1,70.0,12.0
Cub Swanson,13,9,17.15,8.62,3.54,6.0,0.38,69.23,18.15
Dan Ige,13,9,43.92,13.85,3.38,1.69,0.54,69.23,18.92
Michael Chiesa,13,9,72.54,7.08,2.08,0.92,0.85,69.23,10.08
Rick Story,13,9,112.31,11.62,6.38,3.0,0.85,69.23,21.0
Chris Leben,16,11,70.38,7.44,3.06,2.44,0.31,68.75,12.94
Gleison Tibau,16,11,107.31,5.44,1.69,0.56,1.25,68.75,7.69
Tony Ferguson,16,11,8.62,16.5,4.31,4.5,0.19,68.75,25.31
Robbie Lawler,19,13,38.26,11.58,5.63,1.05,0.32,68.42,18.26
Max Holloway,22,15,8.27,13.64,6.18,4.05,0.05,68.18,23.86
Charles Oliveira,27,18,68.07,7.44,3.33,1.93,0.63,66.67,12.7
Dustin Poirier,21,14,51.38,19.95,2.1,3.29,0.33,66.67,25.33
Alistair Overeem,18,12,61.22,9.0,5.78,2.56,0.28,66.67,17.33
Anderson Silva,15,10,9.27,5.6,2.33,2.93,0.0,66.67,10.87
Li Jingliang,15,10,23.8,8.07,1.33,5.4,0.53,66.67,14.8
Urijah Faber,15,10,66.27,10.8,2.27,1.27,0.27,66.67,14.33
Conor McGregor,12,8,26.5,13.67,3.58,2.25,0.08,66.67,19.5
Henry Cejudo,12,8,73.83,8.17,4.5,2.83,0.67,66.67,15.5
Jairzinho Rozenstruik,12,8,2.08,4.58,1.17,2.83,0.0,66.67,8.58
John Lineker,12,8,9.0,12.92,7.58,2.08,0.33,66.67,22.58
Josh Emmett,12,8,20.67,9.25,2.83,2.83,0.25,66.67,14.92
Kennedy Nzechukwu,12,8,52.42,12.58,3.92,0.17,0.17,66.67,16.67
Kenny Florian,12,8,71.83,7.58,3.17,1.58,0.75,66.67,12.33
Krzysztof Jotko,12,8,78.17,10.92,2.67,1.83,0.5,66.67,15.42
Marcos Rogerio de Lima,12,8,102.08,9.58,3.0,4.67,0.25,66.67,17.25
Martin Kampmann,12,8,73.08,7.0,2.75,0.08,0.83,66.67,9.83
Ricardo Lamas,12,8,60.17,7.83,4.67,4.58,0.67,66.67,17.08
Rob Font,12,8,26.83,20.5,5.42,1.83,0.33,66.67,27.75
Ryan Bader,12,8,37.33,7.42,0.5,1.42,0.33,66.67,9.33
Song Yadong,12,8,25.42,9.58,3.17,4.42,0.17,66.67,17.17
Zak Cummings,12,8,34.17,6.25,2.08,2.58,0.25,66.67,10.92
Benoit Saint Denis,9,6,107.78,9.56,6.22,2.56,1.0,66.67,18.33
Chase Hooper,9,6,82.11,13.0,4.11,3.11,0.78,66.67,20.22
Claudia Gadelha,9,6,110.44,14.89,2.56,0.44,1.11,66.67,17.89
Edmen Shahbazyan,9,6,37.44,12.11,5.0,1.44,0.44,66.67,18.56
Germaine de Randamie,9,6,36.89,5.67,4.22,2.0,0.0,66.67,11.89
JJ Aldrich,9,6,65.67,11.89,1.22,0.89,0.33,66.67,14.0
James Krause,9,6,77.0,14.89,3.11,2.89,0.33,66.67,20.89
Karol Rosa,9,6,52.78,12.89,2.33,12.0,0.33,66.67,27.22
Louis Smolka,9,6,123.78,15.0,4.33,1.78,0.44,66.67,21.11
Luana Carolina,9,6,34.0,6.67,5.78,4.56,0.0,66.67,17.0
Ludovit Klein,9,6,31.0,12.22,6.78,1.56,0.33,66.67,20.56
Mark Munoz,9,6,57.67,5.89,3.44,1.22,0.89,66.67,10.56
Mateusz Gamrot,9,6,86.44,7.89,2.33,2.67,1.78,66.67,12.89
Matt Mitrione,9,6,16.22,9.33,0.56,2.78,0.0,66.67,12.67
Nasrat Haqparast,9,6,1.22,12.56,4.78,0.67,0.0,66.67,18.0
Oleg Taktarov,9,6,0.0,1.22,0.11,0.78,0.0,66.67,2.11
Raoni Barcelos,9,6,68.0,12.22,2.22,1.89,0.89,66.67,16.33
Ricky Simon,9,6,131.11,8.0,2.56,2.78,1.56,66.67,13.33
Serghei Spivac,9,6,80.78,12.0,0.56,0.22,1.56,66.67,12.78
Tim Sylvia,9,6,48.78,8.89,3.0,2.11,0.11,66.67,14.0
Youssef Zalal,9,6,74.33,9.22,2.56,5.11,0.67,66.67,16.89
Alexandr Romanov,6,4,140.33,4.83,1.0,2.5,2.17,66.67,8.33
Ali Bagautinov,6,4,84.5,9.83,5.67,2.0,1.0,66.67,17.5
Amir Albazi,6,4,64.83,7.17,1.83,2.0,0.67,66.67,11.0
Andre Muniz,6,4,70.5,4.5,2.17,2.5,1.17,66.67,9.17
Cathal Pendred,6,4,71.33,2.5,2.67,5.17,0.67,66.67,10.33
Chris Wade,6,4,142.0,5.17,2.5,3.33,1.17,66.67,11.0
Damir Ismagulov,6,4,56.33,7.67,6.17,3.83,0.0,66.67,17.67
Daniel Kelly,6,4,43.83,13.33,1.17,1.67,0.67,66.67,16.17
Dooho Choi,6,4,52.83,12.0,1.17,3.5,0.33,66.67,16.67
Duane Ludwig,6,4,19.67,11.5,7.5,0.67,0.0,66.67,19.67
Hakeem Dawodu,6,4,8.5,4.17,3.33,8.0,0.0,66.67,15.5
Jack Shore,6,4,71.33,8.67,1.5,3.0,0.83,66.67,13.17
Jamie Mullarkey,6,4,52.83,6.83,1.83,5.83,0.5,66.67,14.5
Kyler Phillips,6,4,61.5,22.0,6.67,4.33,0.5,66.67,33.0
Kyung Ho Kang,6,4,70.0,13.17,2.83,1.67,0.5,66.67,17.67
Luiz Cane,6,4,23.0,13.5,1.67,1.0,0.17,66.67,16.17
Luke Rockhold,6,4,42.67,3.0,5.67,3.83,0.17,66.67,12.5
Manel Kape,6,4,8.83,8.17,3.83,2.67,0.0,66.67,14.67
Marco Ruas,6,4,36.83,3.17,0.33,6.5,0.5,66.67,10.0
Mark Bocek,6,4,160.33,9.17,2.5,2.17,1.0,66.67,13.83
Matthew Semelsberger,6,4,32.5,6.5,2.33,2.17,0.17,66.67,11.0
Mitch Gagnon,6,4,58.5,9.17,3.33,2.33,0.5,66.67,14.83
Nick Catone,6,4,119.17,9.83,3.17,3.0,1.33,66.67,16.0
Paulo Costa,6,4,31.67,11.83,8.33,4.17,0.17,66.67,24.33
Albert Duraev,3,2,68.33,8.33,2.0,4.33,0.67,66.67,14.67
Alice Ardelean,3,2,11.0,20.0,3.33,6.0,0.0,66.67,29.33
Andre Roberts,3,2,9.33,4.0,0.0,0.0,0.0,66.67,4.0
Ange Loosa,3,2,103.67,13.0,9.0,6.67,1.0,66.67,28.67
Anthony Birchak,3,2,24.0,7.0,2.0,1.33,0.33,66.67,10.33
Antonio Carvalho,3,2,37.33,7.0,1.0,6.0,0.0,66.67,14.0
Benito Lopez,3,2,17.67,5.67,2.0,7.0,0.0,66.67,14.67
Billy Elekana,3,2,80.33,7.0,3.33,1.33,0.33,66.67,11.67
Brian Foster,3,2,88.67,7.33,3.0,0.33,1.0,66.67,10.67
Caio Magalhaes,3,2,2.0,8.33,1.0,0.0,0.0,66.67,9.33
Caolan Loughran,3,2,77.67,16.33,4.67,1.0,1.33,66.67,22.0
Cesar Almeida,3,2,0.0,2.0,3.0,4.33,0.0,66.67,9.33
Cyrille Diabate,3,2,41.67,3.33,1.33,0.67,0.67,66.67,5.33
Danilo Marques,3,2,236.33,1.67,0.33,0.33,1.67,66.67,2.33
Daria Zhelezniakova,3,2,13.0,16.0,3.67,0.0,0.33,66.67,19.67
David Terrell,3,2,34.33,4.67,0.33,1.33,1.0,66.67,6.33
Diego Rivas,3,2,82.33,1.33,0.33,0.67,0.67,66.67,2.33
Dylan Andrews,3,2,39.33,6.67,0.33,1.0,1.33,66.67,8.0
Esteban Ribovics,3,2,0.0,5.67,4.0,3.33,0.0,66.67,13.0
Fabiano Iha,3,2,55.67,4.0,0.67,1.0,0.67,66.67,5.67
Francisco Figueiredo,3,2,47.0,1.67,2.67,3.67,0.33,66.67,8.0
Guangyou Ning,3,2,72.33,4.67,3.0,1.33,1.0,66.67,9.0
Hector Sandoval,3,2,37.67,10.67,5.0,1.67,1.33,66.67,17.33
Ian Heinisch,3,2,1.67,2.67,2.33,4.0,0.0,66.67,9.0
Jake Hadley,3,2,1.33,10.0,9.33,8.67,0.0,66.67,28.0
James Wilks,3,2,49.67,5.67,2.67,2.33,0.67,66.67,10.67
Jason High,3,2,119.0,1.33,0.67,0.0,1.33,66.67,2.0
Jean Matsumoto,3,2,66.67,8.67,0.33,6.0,0.67,66.67,15.0
JeongYeong Lee,3,2,5.0,5.0,3.33,0.33,0.0,66.67,8.67
Jhonata Diniz,3,2,3.0,2.33,0.0,3.67,0.0,66.67,6.0
Johnny Munoz,3,2,69.33,9.67,4.33,2.67,1.33,66.67,16.67
Johnny Rhodes,3,2,0.0,7.67,0.33,1.33,0.33,66.67,9.33
Jonathan Brookins,3,2,84.67,8.0,3.0,0.67,0.33,66.67,11.67
Julia Polastri,3,2,37.0,17.33,13.33,5.0,0.0,66.67,35.67
Justin Willis,3,2,13.33,10.67,1.0,0.67,0.33,66.67,12.33
Kaue Fernandes,3,2,26.67,9.0,3.33,6.33,0.33,66.67,18.67
Lavar Johnson,3,2,44.67,31.0,6.33,2.67,0.33,66.67,40.0
Loik Radzhabov,3,2,86.33,7.33,0.33,0.33,2.67,66.67,8.0
Lone'er Kavanagh,3,2,13.0,8.0,6.67,8.0,0.0,66.67,22.67
Luis Saldana,3,2,11.0,13.67,4.0,12.0,0.67,66.67,29.67
Luke Barnatt,3,2,13.67,19.0,4.67,1.67,0.67,66.67,25.33
Mana Martinez,3,2,5.67,13.0,8.33,4.67,0.33,66.67,26.0
Marcus McGhee,3,2,1.67,10.33,3.0,2.67,0.0,66.67,16.0
Mark Hominick,3,2,25.67,10.67,5.0,3.0,0.33,66.67,18.67
Melquizael Costa,3,2,44.67,2.33,8.0,3.67,0.0,66.67,14.0
Michael Graves,3,2,142.67,5.0,2.33,1.0,1.33,66.67,8.33
Michael Trizano,3,2,24.33,11.0,2.33,4.67,0.0,66.67,18.0
Miguel Torres,3,2,50.67,9.0,2.0,4.33,0.0,66.67,15.33
Mike Kyle,3,2,107.33,5.33,3.0,1.67,0.33,66.67,10.0
Mike van Arsdale,3,2,90.67,7.0,7.33,1.33,1.0,66.67,15.67
Myktybek Orolbai,3,2,149.67,6.33,0.67,2.67,2.67,66.67,9.67
Natan Levy,3,2,13.0,7.67,9.0,7.33,0.67,66.67,24.0
Nick Ring,3,2,54.33,7.67,6.33,7.33,0.67,66.67,21.33
Nikolay Veretennikov,3,2,47.67,7.33,7.0,1.0,0.0,66.67,15.33
Noad Lahat,3,2,165.0,2.0,0.33,2.0,1.67,66.67,4.33
Nora Cornolle,3,2,48.0,6.33,5.67,5.0,0.33,66.67,17.0
Pascal Krauss,3,2,69.33,13.33,6.67,6.0,1.0,66.67,26.0
Pete Williams,3,2,0.0,2.33,1.0,2.33,0.33,66.67,5.67
Ramazan Emeev,3,2,106.67,7.67,1.33,0.33,1.67,66.67,9.33
Ricco Rodriguez,3,2,146.0,6.67,0.33,1.33,1.67,66.67,8.33
Richard Walsh,3,2,110.67,13.0,4.33,8.33,1.0,66.67,25.67
Rongzhu,3,2,4.67,14.0,1.0,5.67,0.0,66.67,20.67
Rory Singer,3,2,34.67,9.33,3.0,1.0,0.33,66.67,13.33
Sam Patterson,3,2,13.67,9.0,0.0,1.67,0.33,66.67,10.67
Sergey Morozov,3,2,35.33,10.33,2.67,2.33,0.67,66.67,15.33
Shamil Gaziev,3,2,78.33,14.33,5.0,0.0,0.33,66.67,19.33
Sultan Aliev,3,2,85.0,6.33,1.33,0.33,0.33,66.67,8.0
Talita Alencar,3,2,126.67,9.33,4.0,1.33,1.0,66.67,14.67
Tim Credeur,3,2,4.33,9.67,0.67,0.67,0.0,66.67,11.0
Timur Valiev,3,2,76.0,6.0,6.33,7.67,0.67,66.67,20.0
Tony DeSouza,3,2,129.33,3.33,1.0,0.0,0.33,66.67,4.33
Trevor Peek,3,2,71.33,18.0,4.67,6.0,0.67,66.67,28.67
Wesley Correira,3,2,5.0,7.33,0.33,0.33,0.0,66.67,8.0
Zhang Mingyang,3,2,29.33,9.33,3.0,3.0,0.0,66.67,15.33
Brad Tavares,17,11,28.76,9.12,2.59,3.76,0.24,64.71,15.47
Joseph Benavidez,17,11,57.12,8.82,4.88,4.41,0.59,64.71,18.12
Robert Whittaker,17,11,19.18,13.06,1.94,5.41,0.24,64.71,20.41
Donald Cerrone,28,18,34.18,8.75,5.07,4.68,0.29,64.29,18.5
Gillian Robertson,14,9,123.36,8.36,1.57,1.71,0.71,64.29,11.64
Lyoto Machida,14,9,53.71,4.57,3.0,3.29,0.43,64.29,10.86
Renato Moicano,14,9,67.21,11.0,1.43,2.64,0.5,64.29,15.07
Tecia Pennington,14,9,66.43,13.79,6.29,4.14,0.14,64.29,24.21
Chad Mendes,11,7,39.82,9.82,0.64,4.0,0.64,63.64,14.45
Dominick Reyes,11,7,18.09,13.73,5.64,3.45,0.18,63.64,22.82
Elizeu Zaleski dos Santos,11,7,41.0,8.0,4.0,4.55,0.36,63.64,16.55
Gabriel Benitez,11,7,15.55,10.36,4.55,5.55,0.18,63.64,20.45
Geoff Neal,11,7,32.82,15.09,1.91,2.36,0.27,63.64,19.36
Omari Akhmedov,11,7,67.91,8.82,3.18,2.55,0.82,63.64,14.55
Randy Brown,11,7,32.45,8.0,4.55,4.27,0.18,63.64,16.82
Raphael Assuncao,11,7,16.55,8.18,2.73,6.36,0.09,63.64,17.27
Tyson Griffin,11,7,77.36,8.27,3.64,4.18,0.82,63.64,16.09
Francisco Trinaldo,19,12,67.16,7.95,4.42,1.68,0.47,63.16,14.05
Matt Hughes,19,12,106.95,5.74,1.84,1.11,0.84,63.16,8.68
Edson Barboza,24,15,15.96,9.62,6.04,5.71,0.12,62.5,21.38
Deiveson Figueiredo,16,10,57.62,6.25,3.5,1.44,0.56,62.5,11.19
Albert Tumenov,8,5,17.25,9.62,1.75,0.25,0.12,62.5,11.62
Alex Perez,8,5,53.62,10.62,3.38,3.88,0.5,62.5,17.88
Amanda Ribas,8,5,83.5,9.5,3.12,3.5,0.88,62.5,16.12
Andre Petroski,8,5,54.12,9.25,3.12,2.38,0.75,62.5,14.75
Corey Anderson,8,5,31.62,14.75,2.5,2.25,0.75,62.5,19.5
Dustin Ortiz,8,5,113.38,4.62,6.25,2.0,1.12,62.5,12.88
Gegard Mousasi,8,5,77.0,8.62,1.12,3.5,0.38,62.5,13.25
George Sotiropoulos,8,5,76.12,7.75,1.75,0.38,0.75,62.5,9.88
Jailton Almeida,8,5,204.38,7.75,1.12,0.5,2.0,62.5,9.38
Joanderson Brito,8,5,84.25,5.38,1.25,1.38,1.25,62.5,8.0
Joaquim Silva,8,5,6.75,8.0,1.5,2.38,0.0,62.5,11.88
Johnny Walker,8,5,12.75,8.0,1.0,4.0,0.12,62.5,13.0
Justin Gaethje,8,5,16.75,14.5,2.88,8.12,0.0,62.5,25.5
Kai Kara-France,8,5,12.38,9.62,1.88,4.25,0.12,62.5,15.75
Karo Parisyan,8,5,137.5,10.12,0.75,0.25,1.75,62.5,11.12
Khaos Williams,8,5,37.38,8.75,4.0,5.75,0.0,62.5,18.5
Miranda Maverick,8,5,63.75,8.0,4.12,5.62,1.0,62.5,17.75
Myles Jury,8,5,98.88,9.12,0.5,1.5,0.75,62.5,11.12
Quinton Jackson,8,5,34.62,8.5,3.0,2.75,0.0,62.5,14.25
Rafael Fiziev,8,5,25.88,6.75,8.62,2.62,0.38,62.5,18.0
Terrance McKinney,8,5,53.5,19.88,2.5,0.0,0.25,62.5,22.38
Wilson Gouveia,8,5,42.88,8.88,0.25,4.0,0.5,62.5,13.12
Wilson Reis,8,5,53.88,5.0,0.5,2.75,1.38,62.5,8.25
Brandon Moreno,13,8,36.23,12.85,2.08,1.38,0.23,61.54,16.31
Dennis Bermudez,13,8,102.69,13.38,3.15,3.31,0.92,61.54,19.85
Ilir Latifi,13,8,67.69,4.85,2.23,1.92,0.46,61.54,9.0
Joanne Wood,13,8,55.38,12.31,7.46,12.23,0.23,61.54,32.0
Johny Hendricks,13,8,76.77,7.0,0.85,2.77,0.85,61.54,10.62
Santiago Ponzinibbio,13,8,7.54,12.54,3.23,3.38,0.0,61.54,19.15
Sean Strickland,13,8,7.38,18.46,3.0,1.31,0.15,61.54,22.77
Beneil Dariush,18,11,91.83,10.39,3.67,3.17,0.44,61.11,17.22
Nik Lentz,18,11,95.5,11.61,4.11,3.39,1.5,61.11,19.11
Tito Ortiz,18,11,88.33,13.28,1.5,1.39,1.33,61.11,16.17
Darren Elkins,23,14,93.57,10.48,2.83,0.74,1.0,60.87,14.04
Demian Maia,25,15,121.12,6.88,1.32,0.6,1.08,60.0,8.8
Jessica Andrade,20,12,57.45,14.0,4.7,6.25,0.65,60.0,24.95
Gabriel Gonzaga,15,9,65.67,5.47,1.2,1.8,0.93,60.0,8.47
Junior Dos Santos,15,9,5.8,8.87,4.2,1.8,0.0,60.0,14.87
Alexis Davis,10,6,65.3,7.8,3.9,6.2,0.2,60.0,17.9
Amanda Lemos,10,6,36.2,8.4,2.4,3.0,0.2,60.0,13.8
Amir Sadollah,10,6,38.0,8.2,5.9,5.3,0.2,60.0,19.4
Brandon Vera,10,6,42.5,5.6,3.8,6.9,0.1,60.0,16.3
Brian Kelleher,10,6,34.9,4.2,1.6,2.1,0.3,60.0,7.9
Cody Garbrandt,10,6,15.4,8.9,1.8,3.3,0.6,60.0,14.0
Dong Hyun Kim,10,6,70.3,5.9,1.6,1.2,0.4,60.0,8.7
Holly Holm,10,6,82.7,5.4,3.1,3.1,0.4,60.0,11.6
Jorge Rivera,10,6,64.1,7.0,2.2,1.5,0.4,60.0,10.7
Ken Shamrock,10,6,3.4,5.6,1.6,0.7,0.7,60.0,7.9
Miesha Tate,10,6,90.1,10.5,3.3,1.5,0.5,60.0,15.3
Muslim Salikhov,10,6,19.8,5.7,3.6,4.6,0.3,60.0,13.9
Ryan Spann,10,6,46.4,7.7,1.6,1.0,0.4,60.0,10.3
TJ Dillashaw,10,6,65.9,8.5,2.5,2.4,0.5,60.0,13.4
Travis Browne,10,6,28.1,9.2,4.2,2.7,0.3,60.0,16.1
Virna Jandiroba,10,6,125.4,6.8,2.9,0.6,1.0,60.0,10.3
Abus Magomedov,5,3,47.0,6.0,4.8,3.0,0.8,60.0,13.8
Alex Garcia,5,3,87.6,5.2,0.6,1.0,1.0,60.0,6.8
Andrew Craig,5,3,5.6,5.4,1.4,3.2,0.0,60.0,10.0
Anthony Perosh,5,3,63.0,9.8,0.0,0.2,0.6,60.0,10.0
Antoni Hardonk,5,3,7.6,2.8,3.4,2.4,0.0,60.0,8.6
Antonina Shevchenko,5,3,52.6,11.0,5.4,2.6,0.2,60.0,19.0
Bogdan Guskov,5,3,12.2,9.6,0.8,3.0,0.0,60.0,13.4
Brad Riddell,5,3,17.0,7.4,3.0,2.4,0.2,60.0,12.8
Cameron Saaiman,5,3,53.4,11.2,6.4,6.4,0.4,60.0,24.0
Chris Gruetzemacher,5,3,23.2,14.8,9.6,7.0,0.0,60.0,31.4
Daniel Roberts,5,3,58.0,2.2,1.4,0.6,1.0,60.0,4.2
Diego Brandao,5,3,17.6,12.6,4.6,1.8,0.8,60.0,19.0
Drew Fickett,5,3,55.4,3.2,3.6,0.4,0.4,60.0,7.2
Eddie Sanchez,5,3,89.6,11.0,1.6,1.0,0.4,60.0,13.6
Felicia Spencer,5,3,138.4,16.0,1.6,2.4,0.4,60.0,20.0
Gary Goodridge,5,3,0.0,5.8,0.8,0.4,0.8,60.0,7.0
Gavin Tucker,5,3,48.4,7.8,5.6,3.0,1.0,60.0,16.4
Hacran Dias,5,3,88.0,8.8,1.6,4.4,0.8,60.0,14.8
Ismail Naurdiev,5,3,39.0,14.8,7.4,6.8,0.2,60.0,29.0
James Te Huna,5,3,32.4,15.4,2.4,3.4,0.0,60.0,21.2
Javid Basharat,5,3,21.6,12.2,8.6,6.6,0.4,60.0,27.4
Jerry Bohlander,5,3,0.0,2.0,0.4,1.2,0.4,60.0,3.6
Joselyne Edwards,5,3,51.6,10.4,6.2,4.8,0.8,60.0,21.4
Josh Samman,5,3,95.0,3.0,4.2,3.0,0.4,60.0,10.2
Kajan Johnson,5,3,25.0,4.0,3.4,4.4,0.0,60.0,11.8
Keita Nakamura,5,3,78.0,7.6,2.2,0.8,0.2,60.0,10.6
Kurt Pellegrino,5,3,90.2,6.6,2.4,1.4,0.8,60.0,10.4
Livinha Souza,5,3,41.6,4.8,2.4,1.6,0.6,60.0,8.8
Luana Pinheiro,5,3,33.2,11.0,3.2,3.2,1.4,60.0,17.4
Luke Cummo,5,3,22.8,5.0,2.6,1.8,0.4,60.0,9.4
Marco Beltran,5,3,57.6,4.6,2.0,2.0,0.4,60.0,8.6
Marcus Brimage,5,3,7.4,11.6,7.0,2.8,0.0,60.0,21.4
Mark Hall,5,3,0.0,0.4,0.0,0.2,0.0,60.0,0.6
Mark Madsen,5,3,77.0,11.8,2.4,1.8,1.0,60.0,16.0
Melissa Gatto,5,3,88.8,6.2,2.8,2.2,0.6,60.0,11.2
Mike Davis,5,3,113.8,12.0,4.4,1.8,1.8,60.0,18.2
Mike Russow,5,3,130.2,10.2,1.4,0.0,1.2,60.0,11.6
Montel Jackson,5,3,65.4,6.6,2.2,2.0,0.6,60.0,10.8
Nazim Sadykhov,5,3,24.8,11.4,6.0,3.2,0.0,60.0,20.6
Paddy Holohan,5,3,196.2,4.8,2.2,2.6,1.4,60.0,9.6
Punahele Soriano,5,3,32.6,18.8,4.4,0.6,0.6,60.0,23.8
Remco Pardoel,5,3,0.0,2.2,0.0,0.4,0.8,60.0,2.6
Renato Sobral,5,3,166.6,4.2,1.2,0.4,1.4,60.0,5.8
Ricardo Almeida,5,3,180.4,7.6,5.6,1.2,1.6,60.0,14.4
Ronda Rousey,5,3,55.6,8.8,3.4,0.2,0.2,60.0,12.4
Rousimar Palhares,5,3,96.0,2.6,0.6,1.6,0.8,60.0,4.8
Shayilan Nuerdanbieke,5,3,122.4,11.0,1.4,1.2,0.8,60.0,13.6
Taila Santos,5,3,119.8,10.0,3.2,3.0,0.6,60.0,16.2
Tanner Boser,5,3,4.0,4.8,3.2,6.6,0.0,60.0,14.6
Uros Medic,5,3,12.4,14.2,2.8,2.2,0.0,60.0,19.2
Zach Makovsky,5,3,83.2,6.0,1.6,3.6,1.2,60.0,11.2
Zach Reese,5,3,39.4,9.4,2.6,0.6,0.6,60.0,12.6
Neil Magny,27,16,54.48,6.33,2.78,1.78,0.56,59.26,10.89
Rafael Dos Anjos,27,16,55.93,7.93,4.07,2.7,0.37,59.26,14.7
Derrick Lewis,22,13,39.14,6.77,1.55,0.27,0.27,59.09,8.59
Diego Sanchez,22,13,84.05,9.32,2.73,0.82,0.55,59.09,12.86
Evan Dunham,17,10,56.0,14.65,2.24,0.94,0.59,58.82,17.82
Jorge Masvidal,17,10,22.71,12.59,5.88,3.35,0.12,58.82,21.82
Marcin Tybura,17,10,67.71,7.29,3.24,1.65,0.35,58.82,12.18
Marlon Vera,17,10,17.59,5.94,3.76,6.24,0.12,58.82,15.94
Nate Diaz,17,10,28.94,15.53,3.24,1.94,0.18,58.82,20.71
Alan Belcher,12,7,79.33,8.75,2.58,2.75,0.17,58.33,14.08
Alex Oliveira,12,7,82.33,7.17,3.58,1.33,0.5,58.33,12.08
Alexander Volkov,12,7,51.08,14.33,4.83,3.92,0.5,58.33,23.08
Ben Rothwell,12,7,56.42,10.0,2.75,1.58,0.5,58.33,14.33
Dennis Siver,12,7,56.17,8.83,2.25,4.5,0.25,58.33,15.58
Jack Hermansson,12,7,43.25,7.42,2.83,6.42,0.33,58.33,16.67
Katlyn Cerminara,12,7,23.0,10.0,6.17,3.17,0.08,58.33,19.33
Kendall Grove,12,7,42.08,4.83,2.83,1.0,0.17,58.33,8.67
Marc Diakiese,12,7,72.25,3.42,2.83,4.08,0.83,58.33,10.33
Scott Holtzman,12,7,70.33,10.83,4.58,2.75,0.33,58.33,18.17
Josh Koscheck,19,11,100.79,6.89,1.05,0.74,0.84,57.89,8.68
Thiago Alves,19,11,33.0,7.95,1.95,6.32,0.32,57.89,16.21
Joe Lauzon,21,12,60.86,12.19,1.0,0.05,0.71,57.14,13.24
Anthony Johnson,14,8,94.14,10.07,1.71,3.29,0.57,57.14,15.07
Evan Tanner,14,8,98.43,8.07,3.36,2.21,0.86,57.14,13.64
Marcus Davis,14,8,78.86,8.0,2.0,1.57,0.43,57.14,11.57
Abel Trujillo,7,4,60.57,9.43,2.29,1.14,1.14,57.14,12.86
Alejandro Perez,7,4,1.14,5.14,1.14,4.43,0.0,57.14,10.71
Aleksandar Rakic,7,4,36.0,5.29,1.57,9.0,0.0,57.14,15.86
Charlie Brenneman,7,4,174.86,2.43,4.43,2.86,1.43,57.14,9.71
Chidi Njokuani,7,4,39.86,2.71,9.43,4.86,0.0,57.14,17.0
Chris Camozzi,7,4,20.57,8.0,3.29,6.14,0.14,57.14,17.43
Claudio Silva,7,4,124.0,7.86,2.71,2.57,1.0,57.14,13.14
Constantinos Philippou,7,4,11.0,6.29,1.0,1.14,0.0,57.14,8.43
Dan Hardy,7,4,14.86,8.29,2.0,3.0,0.0,57.14,13.29
Desmond Green,7,4,25.14,11.57,4.43,3.86,0.57,57.14,19.86
Dustin Hazelett,7,4,20.86,7.86,0.57,1.0,0.14,57.14,9.43
Enrique Barzola,7,4,56.0,7.29,4.29,3.57,1.43,57.14,15.14
Gregory Rodrigues,7,4,19.57,16.71,4.43,1.43,0.29,57.14,22.57
Jimi Manuwa,7,4,25.14,5.0,3.0,6.29,0.0,57.14,14.29
Jimmie Rivera,7,4,4.57,8.86,3.14,5.29,0.14,57.14,17.29
Joe Duffy,7,4,37.14,7.71,2.29,1.57,0.29,57.14,11.57
Jordan Leavitt,7,4,99.14,2.29,2.14,2.14,1.43,57.14,6.57
Keith Jardine,7,4,33.57,9.14,3.71,4.0,0.29,57.14,16.86
Lina Lansberg,7,4,58.14,5.43,4.14,1.0,0.29,57.14,10.57
Lorenz Larkin,7,4,4.29,8.43,2.29,8.0,0.0,57.14,18.71
Macy Chiasson,7,4,89.29,8.71,10.43,2.86,0.43,57.14,22.0
Makhmud Muradov,7,4,41.14,8.86,5.57,2.0,0.43,57.14,16.43
Matt Serra,7,4,80.86,7.43,2.14,1.71,0.86,57.14,11.29
Matthew Riddle,7,4,102.57,4.71,4.29,4.14,1.0,57.14,13.14
Michelle Waterson-Gomez,7,4,40.14,6.57,5.29,4.71,0.71,57.14,16.57
Mirsad Bektic,7,4,142.0,12.14,1.86,0.29,1.0,57.14,14.29
Ryan LaFlare,7,4,92.43,6.57,7.0,1.43,0.71,57.14,15.0
Seth Baczynski,7,4,64.86,9.71,5.29,2.29,0.29,57.14,17.29
Sodiq Yusuff,7,4,64.57,11.43,4.86,2.86,0.29,57.14,19.14
Steven Siler,7,4,39.0,5.57,4.29,2.29,0.29,57.14,12.14
Sumudaerji,7,4,12.0,7.57,2.14,6.43,0.0,57.14,16.14
Tabatha Ricci,7,4,115.86,9.14,1.86,4.57,0.57,57.14,15.57
Takeya Mizugaki,7,4,57.29,11.29,1.57,1.71,0.29,57.14,14.57
Themba Gorimbo,7,4,126.0,5.0,3.0,2.0,1.0,57.14,10.0
Victor Henry,7,4,37.71,11.86,10.14,5.0,0.43,57.14,27.0
Chris Weidman,16,9,111.25,9.19,1.81,1.56,1.12,56.25,12.56
Stefan Struve,16,9,27.44,4.62,2.75,2.0,0.12,56.25,9.38
Kevin Holland,18,10,34.67,11.33,4.44,6.39,0.17,55.56,22.17
Melvin Guillard,18,10,23.89,7.28,1.5,1.78,0.5,55.56,10.56
Anthony Rocco Martin,9,5,117.56,6.44,1.22,2.22,0.56,55.56,9.89
Antonio Carlos Junior,9,5,119.67,5.44,1.67,1.44,1.11,55.56,8.56
Bill Algeo,9,5,71.22,13.33,6.0,5.89,0.44,55.56,25.22
Dan Miller,9,5,69.33,5.44,2.22,0.89,0.67,55.56,8.56
Frank Mir,9,5,55.11,4.0,2.22,0.89,0.22,55.56,7.11
Jacare Souza,9,5,95.78,9.22,2.11,1.56,0.67,55.56,12.89
Joaquin Buckley,9,5,23.89,5.33,4.56,2.67,0.67,55.56,12.56
Mackenzie Dern,9,5,91.22,13.44,2.67,2.11,0.22,55.56,18.22
Matheus Nicolau,9,5,17.44,4.78,2.89,2.0,0.22,55.56,9.67
Nate Landwehr,9,5,14.89,13.33,3.44,3.78,0.0,55.56,20.56
Nicolas Dalby,9,5,24.56,6.78,3.78,3.11,0.0,55.56,13.67
Patrick Cummins,9,5,99.56,12.11,1.22,1.78,1.44,55.56,15.11
Shawn Jordan,9,5,60.33,8.89,0.78,1.56,0.44,55.56,11.22
Tyson Pedro,9,5,39.89,7.0,2.56,3.22,0.22,55.56,12.78
Vanessa Demopoulos,9,5,25.33,9.0,3.89,3.0,0.22,55.56,15.89
Yana Santos,9,5,116.44,5.78,9.78,5.0,0.33,55.56,20.56
Matt Brown,20,11,47.25,11.0,5.1,1.4,0.5,55.0,17.5
Jeremy Stephens,22,12,46.86,6.68,2.5,3.91,0.36,54.55,13.09
Carla Esparza,11,6,112.64,5.91,1.27,0.64,1.09,54.55,7.82
Diego Ferreira,11,6,25.45,12.0,4.36,2.64,0.18,54.55,19.0
Ketlen Vieira,11,6,65.64,9.27,2.55,1.73,0.45,54.55,13.55
Khalil Rountree Jr.,11,6,3.64,6.91,2.82,3.82,0.0,54.55,13.55
Matt Schnell,11,6,19.18,10.73,2.18,2.91,0.27,54.55,15.82
Molly McCann,11,6,26.09,15.09,5.91,3.0,0.55,54.55,24.0
Nick Diaz,11,6,54.73,15.55,4.18,1.0,0.45,54.55,20.73
Rashad Evans,11,6,71.91,7.64,1.45,0.09,0.82,54.55,9.18
Ray Borg,11,6,110.55,3.82,2.27,0.27,0.91,54.55,6.36
Sergio Moraes,11,6,47.91,6.73,1.64,0.82,0.36,54.55,9.18
Sergio Pettis,11,6,28.64,16.91,1.91,2.82,0.36,54.55,21.64
Tai Tuivasa,11,6,38.73,9.64,2.73,3.64,0.0,54.55,16.0
Thiago Moises,11,6,47.73,5.27,2.27,3.18,0.36,54.55,10.73
Alexander Hernandez,13,7,27.77,9.62,6.77,4.23,0.38,53.85,20.62
David Abbott,13,7,6.46,8.08,0.31,0.0,0.54,53.85,8.38
Gunnar Nelson,13,7,96.92,6.46,1.38,0.69,0.77,53.85,8.54
Iuri Alcantara,13,7,38.92,8.38,3.92,1.08,0.46,53.85,13.38
Jared Cannonier,13,7,30.85,7.54,2.77,5.15,0.15,53.85,15.46
John Dodson,13,7,7.77,7.92,4.23,1.85,0.15,53.85,14.0
John Makdessi,13,7,3.08,9.92,6.0,7.77,0.0,53.85,23.69
Mike Pyle,13,7,13.77,4.23,1.92,2.0,0.31,53.85,8.15
Rani Yahya,13,7,105.69,5.54,3.23,4.31,0.85,53.85,13.08
Andrei Arlovski,28,15,12.11,9.57,2.89,3.29,0.07,53.57,15.75
BJ Penn,15,8,57.53,10.47,1.93,0.2,0.2,53.33,12.6
Jose Aldo,17,9,3.53,9.0,4.18,2.18,0.06,52.94,15.35
Alex Caceres,19,10,29.84,9.11,3.68,2.89,0.11,52.63,15.68
Stephen Thompson,19,10,28.84,9.63,3.79,2.05,0.21,52.63,15.47
Jim Miller,31,16,66.35,8.32,2.87,2.61,0.48,51.61,13.81
Vitor Belfort,20,10,13.05,6.45,1.05,0.45,0.3,50.0,7.95
Drew Dober,18,9,25.83,10.0,2.94,2.5,0.11,50.0,15.44
Kevin Lee,16,8,88.56,11.75,4.25,0.31,0.81,50.0,16.31
Anthony Pettis,14,7,15.07,9.43,4.29,2.21,0.0,50.0,15.93
Ben Saunders,14,7,24.5,5.79,6.21,1.57,0.07,50.0,13.57
Bruno Silva,14,7,31.93,9.5,2.64,2.57,0.21,50.0,14.71
Cole Miller,14,7,32.29,6.57,2.86,1.93,0.07,50.0,11.36
Gray Maynard,14,7,66.43,8.64,2.14,0.29,0.71,50.0,11.07
Karolina Kowalkiewicz,14,7,31.5,13.79,6.0,3.57,0.29,50.0,23.36
Matt Wiman,14,7,71.21,7.07,1.0,3.36,0.57,50.0,11.43
Mauricio Rua,14,7,38.14,9.29,2.36,4.93,0.5,50.0,16.57
Rose Namajunas,14,7,34.93,13.57,3.86,2.64,0.5,50.0,20.07
Chael Sonnen,12,6,181.83,8.83,3.33,1.0,1.25,50.0,13.17
Dan Hooker,12,6,36.75,9.75,2.5,6.17,0.0,50.0,18.42
Dustin Jacoby,12,6,16.08,10.75,3.42,5.0,0.0,50.0,19.17
Irene Aldana,12,6,11.42,15.42,2.83,4.75,0.08,50.0,23.0
Lauren Murphy,12,6,25.08,13.25,2.58,2.83,0.25,50.0,18.67
Makwan Amirkhani,12,6,98.33,3.75,0.83,0.17,1.58,50.0,4.75
Brian Ortega,10,5,32.2,8.6,2.8,2.1,0.2,50.0,13.5
Carlos Condit,10,5,15.6,5.3,3.0,4.4,0.1,50.0,12.7
Charles Johnson,10,5,24.5,6.7,5.0,4.0,0.1,50.0,15.7
Charles Jourdain,10,5,21.2,8.3,5.3,4.7,0.0,50.0,18.3
Cheick Kongo,10,5,63.5,4.6,2.6,5.3,0.4,50.0,12.5
Daniel Pineda,10,5,68.7,8.9,2.2,2.8,0.6,50.0,13.9
Danny Castillo,10,5,128.3,9.2,2.4,4.2,1.0,50.0,15.8
Jennifer Maia,10,5,38.1,15.5,3.9,4.9,0.0,50.0,24.3
Jeremy Horn,10,5,40.6,6.4,1.2,1.7,0.7,50.0,9.3
Joe Stevenson,10,5,70.1,5.1,1.5,0.5,0.7,50.0,7.1
Liz Carmouche,10,5,114.5,5.0,1.6,3.7,1.1,50.0,10.3
Marlon Moraes,10,5,26.9,8.8,2.2,2.8,0.3,50.0,13.8
Trevin Giles,10,5,59.9,6.0,1.6,1.3,0.5,50.0,8.9
Viviane Araujo,10,5,48.7,16.2,4.1,3.9,0.5,50.0,24.2
Yves Edwards,10,5,27.8,7.0,2.6,4.9,0.1,50.0,14.5
Chas Skelly,8,4,90.75,8.12,1.75,0.38,0.62,50.0,10.25
Chris Curtis,8,4,2.25,7.38,4.25,2.75,0.0,50.0,14.38
DaMarques Johnson,8,4,50.88,6.62,0.75,0.62,0.38,50.0,8.0
Devin Clark,8,4,120.0,6.0,1.75,2.88,0.88,50.0,10.62
Eddie Alvarez,8,4,31.38,11.62,6.5,2.25,0.5,50.0,20.38
Hermes Franca,8,4,9.38,2.88,1.5,2.25,0.75,50.0,6.62
Jared Gordon,8,4,38.5,16.5,5.75,5.25,0.38,50.0,27.5
Joe Riggs,8,4,74.5,4.25,0.5,0.88,0.75,50.0,5.62
John Moraga,8,4,16.5,4.62,2.88,3.12,0.12,50.0,10.62
Jonathan Pearce,8,4,64.5,11.25,4.5,2.38,1.12,50.0,18.12
Julio Arce,8,4,27.5,9.12,3.0,0.5,0.25,50.0,12.62
Jussier Formiga,8,4,72.0,6.38,1.75,0.75,0.62,50.0,8.88
Justin Tafa,8,4,17.62,5.25,1.25,1.12,0.0,50.0,7.62
Nina Nunes,8,4,23.75,10.62,3.12,4.62,0.12,50.0,18.38
Olivier Aubin-Mercier,8,4,39.75,8.12,4.0,1.25,0.38,50.0,13.38
Paul Varelans,8,4,0.0,5.0,0.75,1.25,0.25,50.0,7.0
Rafa Garcia,8,4,42.25,12.25,3.5,2.38,0.62,50.0,18.12
Rory MacDonald,8,4,39.5,6.75,1.62,0.88,0.75,50.0,9.25
Sam Hughes,8,4,80.12,11.38,2.88,3.38,0.5,50.0,17.62
Song Kenan,8,4,10.0,6.88,3.25,4.62,0.25,50.0,14.75
Yuta Sasaki,8,4,71.25,4.62,2.38,2.0,1.25,50.0,9.0
Zubaira Tukhugov,8,4,45.38,13.0,1.88,0.38,0.62,50.0,15.25
Adriano Martins,6,3,20.17,5.5,0.5,1.83,0.0,50.0,7.83
Alexander Yakovlev,6,3,17.33,2.83,3.5,2.0,0.67,50.0,8.33
Aoriqileng,6,3,16.33,9.5,2.83,1.67,0.17,50.0,14.0
Armen Petrosyan,6,3,1.33,10.17,4.67,15.5,0.0,50.0,30.33
Aspen Ladd,6,3,60.67,11.67,2.83,0.67,0.5,50.0,15.17
Augusto Sakai,6,3,48.0,7.67,5.17,3.0,0.0,50.0,15.83
Dave Beneteau,6,3,0.0,6.33,0.0,0.33,1.0,50.0,6.67
Davi Ramos,6,3,46.17,7.17,1.5,1.17,0.5,50.0,9.83
Dustin Stoltzfus,6,3,86.83,8.0,4.17,3.5,0.5,50.0,15.67
Eric Schafer,6,3,142.17,8.67,1.83,1.83,0.67,50.0,12.33
Felice Herrig,6,3,83.33,7.67,4.0,2.33,0.5,50.0,14.0
Francimar Barroso,6,3,63.67,5.0,1.83,3.33,0.5,50.0,10.17
Jack Marshman,6,3,0.17,7.67,2.83,2.67,0.0,50.0,13.17
Jamall Emmers,6,3,17.17,10.83,6.0,4.5,0.0,50.0,21.33
James Irvin,6,3,1.17,1.17,1.17,1.83,0.0,50.0,4.17
Jason Lambert,6,3,74.33,6.17,3.83,1.67,0.33,50.0,11.67
Jimmy Crute,6,3,102.5,9.17,4.0,3.17,1.17,50.0,16.33
Joe Proctor,6,3,3.33,4.83,2.17,4.33,0.0,50.0,11.33
Johnny Eduardo,6,3,4.67,7.83,0.67,5.67,0.0,50.0,14.17
Jordan Mein,6,3,64.67,11.83,3.17,4.17,0.5,50.0,19.17
Josh Thomson,6,3,84.33,4.67,1.83,5.5,1.0,50.0,12.0
Justin Ledet,6,3,14.0,12.67,0.0,0.33,0.17,50.0,13.0
Justin Salas,6,3,25.17,7.83,2.5,2.67,0.83,50.0,13.0
Karl Roberson,6,3,58.33,10.17,4.0,2.0,0.17,50.0,16.17
Leslie Smith,6,3,24.83,23.0,4.0,5.5,0.0,50.0,32.5
Mirko Filipovic,6,3,40.83,8.0,2.33,0.67,0.33,50.0,11.0
Misha Cirkunov,6,3,41.17,10.5,4.33,0.67,0.5,50.0,15.5
Morgan Charriere,6,3,68.5,8.67,2.33,3.33,0.67,50.0,14.33
Neil Seery,6,3,21.33,15.17,1.17,2.0,0.17,50.0,18.33
Pannie Kianzad,6,3,2.33,15.0,5.83,2.5,0.0,50.0,23.33
Poliana Botelho,6,3,77.5,9.17,4.83,3.33,0.33,50.0,17.33
Rich Clementi,6,3,75.83,3.17,0.5,2.17,0.83,50.0,5.83
Ricky Glenn,6,3,2.0,9.33,3.17,1.67,0.0,50.0,14.17
Rodolfo Vieira,6,3,96.83,6.33,1.17,3.17,0.67,50.0,10.67
Roland Delorme,6,3,47.83,8.33,2.33,1.83,0.5,50.0,12.5
Ryan Benoit,6,3,23.0,8.0,0.83,1.0,0.17,50.0,9.83
Sarah Moras,6,3,69.33,10.0,1.83,1.83,0.17,50.0,13.67
Sean Sherk,6,3,92.0,7.33,2.17,1.83,0.67,50.0,11.33
Sean Spencer,6,3,30.67,14.5,2.33,0.83,0.0,50.0,17.67
Terry Etim,6,3,31.33,5.67,1.0,5.0,0.33,50.0,11.67
Timothy Johnson,6,3,114.33,10.5,3.67,4.5,0.33,50.0,18.67
Vladimir Matyushenko,6,3,73.17,7.33,0.67,0.33,0.83,50.0,8.33
Alatengheili,4,2,62.5,7.75,1.5,1.5,0.25,50.0,10.75
Ariane Carnelossi,4,2,60.0,7.0,0.0,0.75,0.25,50.0,7.75
Batgerel Danaa,4,2,8.0,16.5,1.75,2.0,0.25,50.0,20.25
Brad Blackburn,4,2,62.75,17.0,4.25,5.5,0.25,50.0,26.75
Brad Katona,4,2,96.25,16.25,2.5,4.75,0.5,50.0,23.5
Brad Scott,4,2,85.5,8.25,5.5,5.0,0.0,50.0,18.75
Brendson Ribeiro,4,2,3.5,8.5,2.75,3.25,0.0,50.0,14.5
Brock Larson,4,2,85.0,5.0,1.0,2.25,0.75,50.0,8.25
Carlos Felipe,4,2,0.0,9.25,8.25,3.25,0.0,50.0,20.75
Casey O'Neill,4,2,72.25,22.5,5.75,4.0,0.75,50.0,32.25
Chris Beal,4,2,26.75,12.0,2.0,1.25,0.5,50.0,15.25
Clayton Carpenter,4,2,96.5,7.75,2.25,2.75,0.25,50.0,12.75
Cyril Asker,4,2,83.5,8.75,0.75,0.0,1.0,50.0,9.5
David Onama,4,2,31.5,15.5,4.0,1.0,0.5,50.0,20.5
Dennis Hallman,4,2,36.25,1.75,1.25,0.25,0.25,50.0,3.25
Eduarda Moura,4,2,165.75,14.0,0.25,1.5,1.75,50.0,15.75
Elise Reed,4,2,31.75,9.5,3.25,3.5,0.0,50.0,16.25
Fabio Maldonado,4,2,16.5,13.25,6.75,0.0,0.0,50.0,20.0
Francis Marshall,4,2,108.5,6.0,0.75,2.0,0.5,50.0,8.75
Fredy Serrano,4,2,26.75,4.5,2.5,1.0,1.0,50.0,8.0
Garrett Armfield,4,2,48.75,20.5,5.5,2.0,0.25,50.0,28.0
Hamdy Abdelwahab,4,2,90.0,17.75,1.75,2.75,1.5,50.0,22.25
Ian McCall,4,2,71.5,8.75,4.5,6.0,0.75,50.0,19.25
Iasmin Lucindo,4,2,52.0,5.5,3.5,1.5,0.5,50.0,10.5
Ibo Aslan,4,2,1.75,16.75,1.0,3.0,0.0,50.0,20.75
Jafel Filho,4,2,111.25,4.5,3.5,1.75,1.0,50.0,9.75
Jake O'Brien,4,2,174.75,4.75,0.25,0.0,1.5,50.0,5.0
Jake Shields,4,2,69.0,1.5,8.0,6.75,0.5,50.0,16.25
Jamal Pogues,4,2,47.5,12.25,1.5,4.75,0.5,50.0,18.5
James Head,4,2,32.0,10.75,4.5,0.25,0.0,50.0,15.5
James Moontasri,4,2,44.75,8.25,4.5,2.75,0.0,50.0,15.5
Jarred Brooks,4,2,134.5,7.25,5.75,1.0,1.5,50.0,14.0
Jason Brilz,4,2,93.0,6.0,1.5,0.5,0.5,50.0,8.0
Jason Saggo,4,2,143.25,9.0,0.25,4.25,0.75,50.0,13.5
Jason Witt,4,2,116.5,5.5,0.75,0.5,1.0,50.0,6.75
Jimmy Flick,4,2,16.5,3.25,2.0,1.5,0.25,50.0,6.75
Jorge Gurgel,4,2,123.0,6.75,1.5,7.5,0.0,50.0,15.75
Josh Culibao,4,2,34.5,4.5,1.5,4.75,0.0,50.0,10.75
Josh Fremd,4,2,85.5,7.25,6.25,4.5,0.25,50.0,18.0
Josiane Nunes,4,2,7.5,16.75,8.0,5.25,0.0,50.0,30.0
Junior Tafa,4,2,4.0,13.75,2.75,0.0,0.0,50.0,16.5
Kevin Aguilar,4,2,2.0,9.0,9.25,1.0,0.0,50.0,19.25
Kyle Daukaus,4,2,7.5,6.75,2.25,3.5,0.0,50.0,12.5
Kyle Nelson,4,2,80.0,9.75,4.0,4.0,0.25,50.0,17.75
Laureano Staropoli,4,2,0.0,13.25,5.0,2.0,0.0,50.0,20.25
Leandro Issa,4,2,150.25,6.5,0.5,6.75,1.0,50.0,13.75
Lucas Martins,4,2,8.25,8.75,2.0,3.25,0.0,50.0,14.0
Magnus Cedenblad,4,2,161.75,7.25,1.75,1.5,0.75,50.0,10.5
Marco Polo Reyes,4,2,0.5,10.25,2.75,3.5,0.0,50.0,16.5
Maurice Greene,4,2,8.75,7.0,2.5,3.25,0.0,50.0,12.75
Michael Chandler,4,2,92.5,15.75,5.25,2.5,0.75,50.0,23.5
Nate Maness,4,2,25.75,9.5,1.25,1.0,0.0,50.0,11.75
Nicolae Negumereanu,4,2,65.5,9.5,1.25,0.75,0.75,50.0,11.5
Pablo Garza,4,2,5.5,7.0,4.75,3.75,0.0,50.0,15.5
Paul Buentello,4,2,23.5,6.5,4.0,1.75,0.0,50.0,12.25
Pete Spratt,4,2,21.5,1.25,1.5,1.5,0.25,50.0,4.25
Phil Hawes,4,2,67.0,14.25,7.0,3.5,0.75,50.0,24.75
Piera Rodriguez,4,2,38.25,10.5,4.0,1.25,0.75,50.0,15.75
Ramiz Brahimaj,4,2,65.25,2.75,1.75,0.0,0.75,50.0,4.5
Reza Madadi,4,2,74.5,1.5,1.25,0.75,1.0,50.0,3.5
Rob Kimmons,4,2,47.25,5.0,1.0,0.25,0.25,50.0,6.25
Robert Peralta,4,2,6.0,4.5,4.0,7.0,0.25,50.0,15.5
Shane Carwin,4,2,63.0,14.75,0.75,0.0,0.25,50.0,15.5
Shane Nelson,4,2,69.25,4.5,2.75,0.75,0.25,50.0,8.0
Shinsho Anzai,4,2,80.0,10.5,3.5,1.5,0.5,50.0,15.5
Tamdan McCrory,4,2,90.75,5.0,0.75,0.0,1.0,50.0,5.75
Tatsuya Kawajiri,4,2,148.0,4.75,1.0,1.25,1.0,50.0,7.0
Thiago Silva,4,2,73.5,5.75,3.0,2.25,0.25,50.0,11.0
Tom Breese,4,2,19.0,10.25,2.5,0.0,0.0,50.0,12.75
Trevor Prangley,4,2,175.5,4.5,3.5,7.25,1.25,50.0,15.25
Trey Ogden,4,2,151.25,3.75,0.75,2.25,1.0,50.0,6.75
Victor Altamirano,4,2,65.75,15.75,6.75,4.5,0.25,50.0,27.0
Yazmin Jauregui,4,2,2.0,13.0,3.5,6.75,0.0,50.0,23.25
Yves Jabouin,4,2,58.5,11.25,4.5,2.5,0.0,50.0,18.25
Zhang Lipeng,4,2,90.75,1.25,1.5,4.5,0.5,50.0,7.25
Angela Hill,21,10,47.29,11.1,5.71,3.1,0.33,47.62,19.9
Ovince Saint Preux,21,10,36.0,4.86,2.95,1.81,0.29,47.62,9.62
Alex Morono,17,8,15.65,13.35,2.41,1.94,0.06,47.06,17.71
King Green,15,7,8.47,10.67,6.53,5.73,0.13,46.67,22.93
Anthony Smith,13,6,21.46,8.23,2.38,3.69,0.31,46.15,14.31
Bryan Barberena,13,6,11.23,9.62,2.15,4.46,0.08,46.15,16.23
Chris Lytle,13,6,49.92,7.38,4.31,1.85,0.15,46.15,13.54
Paul Craig,13,6,24.0,3.62,3.38,2.38,0.23,46.15,9.38
Rafael Natal,13,6,57.15,7.08,2.62,5.69,0.77,46.15,15.38
Jake Collier,11,5,62.55,16.27,5.18,4.73,0.36,45.45,26.18
Jalin Turner,11,5,33.82,13.0,4.64,1.73,0.09,45.45,19.36
Montana De La Rosa,11,5,89.0,6.27,1.82,1.27,0.64,45.45,9.36
Renan Barao,11,5,79.18,9.73,3.73,3.36,0.45,45.45,16.82
Walt Harris,11,5,7.55,9.18,3.27,1.09,0.0,45.45,13.55
Warlley Alves,11,5,42.64,5.82,3.55,3.18,0.18,45.45,12.55
Nate Marquardt,18,8,52.5,3.83,2.56,3.56,0.56,44.44,9.94
Alex White,9,4,9.78,8.0,5.33,1.22,0.11,44.44,14.56
Chan Sung Jung,9,4,35.44,10.11,1.56,3.0,0.44,44.44,14.67
Chris Cariaso,9,4,12.33,6.78,7.33,3.56,0.11,44.44,17.67
Christos Giagos,9,4,70.33,8.78,2.0,1.78,0.89,44.44,12.56
Cynthia Calvillo,9,4,50.78,9.33,6.56,4.0,1.0,44.44,19.89
Davey Grant,9,4,17.56,4.33,7.67,6.56,0.33,44.44,18.56
David Loiseau,9,4,62.78,6.89,1.22,0.78,0.11,44.44,8.89
Efrain Escudero,9,4,56.22,6.89,2.0,2.67,0.56,44.44,11.56
Josh Neer,9,4,55.22,6.11,2.22,1.56,0.44,44.44,9.89
Mac Danzig,9,4,44.67,8.67,2.56,2.11,0.22,44.44,13.33
Marion Reneau,9,4,24.0,7.22,3.0,2.44,0.11,44.44,12.67
Tom Lawlor,9,4,85.0,13.78,0.78,0.89,0.22,44.44,15.44
Gerald Meerschaert,16,7,41.81,6.56,1.5,2.12,0.44,43.75,10.19
Ross Pearson,16,7,18.94,5.25,3.88,3.94,0.12,43.75,13.06
Sam Stout,16,7,28.75,6.5,4.0,4.44,0.25,43.75,14.94
Clay Guida,23,10,79.09,6.78,1.96,3.35,0.87,43.48,12.09
Court McGee,23,10,36.3,8.61,5.52,6.0,0.39,43.48,20.13
Eryk Anders,14,6,79.07,9.57,4.57,0.93,0.64,42.86,15.07
Kelvin Gastelum,14,6,41.71,9.43,2.36,3.14,0.36,42.86,14.93
Sam Alvey,14,6,22.64,6.43,2.0,2.36,0.07,42.86,10.79
Alan Jouban,7,3,27.0,10.86,3.43,5.43,0.14,42.86,19.71
Blagoy Ivanov,7,3,15.14,9.14,3.14,0.14,0.14,42.86,12.43
Brian Stann,7,3,44.71,9.14,2.57,3.86,0.0,42.86,15.57
Chris Daukaus,7,3,13.57,15.71,1.57,1.29,0.0,42.86,18.57
Cody McKenzie,7,3,72.0,4.43,0.86,0.86,0.71,42.86,6.14
Da Woon Jung,7,3,47.43,8.86,1.0,4.0,0.29,42.86,13.86
Damon Jackson,7,3,98.43,9.14,6.14,1.71,0.43,42.86,17.0
Daniel Omielanczuk,7,3,22.43,5.14,3.71,3.86,0.0,42.86,12.71
Dhiego Lima,7,3,27.57,5.86,1.86,2.29,0.14,42.86,10.0
Drew McFedries,7,3,8.43,10.86,1.71,0.86,0.29,42.86,13.43
Erick Silva,7,3,38.86,7.0,3.14,1.29,0.14,42.86,11.43
Felipe Arantes,7,3,36.0,6.14,1.86,1.86,0.29,42.86,9.86
Frankie Saenz,7,3,20.43,7.29,6.57,5.14,0.29,42.86,19.0
Godofredo Pepey,7,3,27.29,5.71,1.29,1.0,0.0,42.86,8.0
Greg Hardy,7,3,35.71,16.71,2.57,3.43,0.14,42.86,22.71
Jonathan Goulet,7,3,68.57,4.14,1.0,1.14,1.14,42.86,6.29
Jose Quinonez,7,3,71.29,6.57,2.43,5.29,1.43,42.86,14.29
Leandro Silva,7,3,33.71,4.14,3.0,1.86,0.57,42.86,9.0
Maryna Moroz,7,3,101.43,8.29,6.86,1.86,0.43,42.86,17.0
Maximo Blanco,7,3,40.0,7.86,2.86,2.14,0.86,42.86,12.86
Modestas Bukauskas,7,3,15.71,8.57,1.57,2.14,0.0,42.86,12.29
Nordine Taleb,7,3,30.57,7.14,3.57,5.86,0.57,42.86,16.57
Ode Osbourne,7,3,2.0,7.29,3.0,3.0,0.0,42.86,13.29
Paige VanZant,7,3,66.14,3.86,2.86,2.14,0.14,42.86,8.86
Paul Taylor,7,3,64.71,15.29,4.0,6.14,0.0,42.86,25.43
Polyana Viana,7,3,42.57,5.57,1.43,0.71,0.43,42.86,7.71
Sam Sicilia,7,3,30.43,9.0,2.57,2.71,0.29,42.86,14.29
Sijara Eubanks,7,3,131.14,12.43,3.43,2.71,0.71,42.86,18.57
Thomas Almeida,7,3,3.29,12.0,3.29,4.71,0.14,42.86,20.0
Veronica Hardy,7,3,29.71,12.0,3.29,2.29,0.14,42.86,17.57
Aleksei Oleinik,12,5,95.42,5.5,3.83,1.42,0.75,41.67,10.75
Darren Stewart,12,5,34.08,7.25,2.42,2.75,0.42,41.67,12.42
Max Griffin,12,5,49.67,13.83,4.0,4.08,0.42,41.67,21.92
Michael Johnson,20,8,17.6,12.85,7.65,4.3,0.1,40.0,24.8
Pedro Munhoz,15,6,15.53,10.73,3.0,8.2,0.13,40.0,21.93
Tim Boetsch,15,6,37.73,6.13,3.27,3.6,0.4,40.0,13.0
Andrea Lee,10,4,58.7,11.2,10.3,5.4,0.7,40.0,26.9
Ariane da Silva,10,4,20.3,8.9,7.4,1.5,0.1,40.0,17.8
Calvin Kattar,10,4,22.2,9.8,2.8,1.5,0.2,40.0,14.1
Cody Stamann,10,4,44.3,10.9,5.1,1.6,0.9,40.0,17.6
Danny Roberts,10,4,8.9,4.9,3.0,2.6,0.0,40.0,10.5
Daron Cruickshank,10,4,24.9,7.5,4.0,3.1,0.5,40.0,14.6
George Roop,10,4,52.7,11.3,4.3,1.9,0.2,40.0,17.5
Guido Cannetti,10,4,55.9,6.7,5.4,4.6,0.7,40.0,16.7
Ion Cutelaba,10,4,60.1,16.0,4.0,1.5,1.5,40.0,21.5
Marc-Andre Barriault,10,4,26.8,12.9,3.5,2.2,0.2,40.0,18.6
Matt Frevola,10,4,38.8,13.1,3.5,1.1,0.5,40.0,17.7
Mike Perry,10,4,28.4,9.4,3.0,5.6,0.3,40.0,18.0
Priscila Cachoeira,10,4,9.8,13.6,2.6,2.0,0.1,40.0,18.2
Volkan Oezdemir,10,4,40.0,14.4,2.9,5.3,0.3,40.0,22.6
Akira Corassani,5,2,4.6,8.0,2.2,1.6,0.0,40.0,11.8
Alan Patrick,5,2,57.2,6.0,4.8,1.6,1.4,40.0,12.4
Amanda Cooper,5,2,69.8,9.0,2.4,1.6,0.2,40.0,13.0
Andre Soukhamthath,5,2,39.8,6.0,4.6,5.8,0.0,40.0,16.4
Andrew Sanchez,5,2,111.4,18.4,3.0,1.2,1.2,40.0,22.6
Ashlee Evans-Smith,5,2,90.6,7.4,6.0,3.6,0.6,40.0,17.0
Billy Quarantillo,5,2,65.8,16.0,4.8,2.6,0.2,40.0,23.4
Bruna Brasil,5,2,17.8,4.4,3.8,3.2,0.2,40.0,11.4
Casey Kenney,5,2,37.2,9.8,8.0,5.0,0.4,40.0,22.8
Clint Hester,5,2,35.4,8.6,1.6,2.4,0.2,40.0,12.6
David Dvorak,5,2,28.4,6.0,2.6,3.6,0.2,40.0,12.2
Deron Winn,5,2,81.8,13.4,3.6,2.4,1.6,40.0,19.4
Diego Nunes,5,2,10.2,3.8,3.6,5.6,0.2,40.0,13.0
Dong Hyun Ma,5,2,12.0,6.4,2.4,2.4,0.0,40.0,11.2
Dwight Grant,5,2,4.2,12.6,1.8,2.6,0.2,40.0,17.0
Emily Ducote,5,2,2.8,15.0,6.8,7.4,0.2,40.0,29.2
Felipe Colares,5,2,96.4,6.2,4.6,1.0,1.2,40.0,11.8
Frank Camacho,5,2,30.0,11.8,4.8,0.6,0.4,40.0,17.2
Gina Mazany,5,2,124.4,7.4,7.0,4.4,1.2,40.0,18.8
Hugo Viana,5,2,34.8,9.4,2.6,1.8,0.0,40.0,13.8
Jens Pulver,5,2,83.4,6.8,1.2,0.8,0.0,40.0,8.8
Jessica-Rose Clark,5,2,83.8,11.0,1.2,3.0,0.2,40.0,15.2
John Castaneda,5,2,22.2,15.6,4.6,12.0,0.4,40.0,32.2
Jon Tuck,5,2,20.8,6.6,3.2,3.6,0.0,40.0,13.4
KJ Noons,5,2,0.6,5.8,3.2,4.6,0.0,40.0,13.6
Karlos Vemola,5,2,55.0,5.2,1.6,1.2,0.8,40.0,8.0
Kevin Burns,5,2,16.6,9.4,2.4,3.2,0.0,40.0,15.0
Lyman Good,5,2,9.4,12.4,2.8,1.8,0.2,40.0,17.0
Mara Romero Borella,5,2,129.8,5.2,1.0,2.6,0.8,40.0,8.8
Mark De La Rosa,5,2,41.2,11.8,3.4,3.0,0.4,40.0,18.2
Maurice Smith,5,2,6.8,2.6,0.4,3.0,0.0,40.0,6.0
Megan Anderson,5,2,43.8,5.4,1.8,0.2,0.2,40.0,7.4
Miguel Baeza,5,2,21.8,7.2,5.8,6.6,0.0,40.0,19.6
Mike Massenzio,5,2,65.8,6.0,1.4,1.0,0.8,40.0,8.4
Omar Morales,5,2,10.8,8.2,2.8,3.6,0.2,40.0,14.6
Ricky Turcios,5,2,54.0,10.4,3.2,4.2,0.6,40.0,17.8
Rodrigo Damm,5,2,6.8,9.8,1.8,2.8,0.0,40.0,14.4
Roosevelt Roberts,5,2,54.2,5.8,2.8,1.4,0.2,40.0,10.0
Sam Hoger,5,2,48.4,2.0,2.6,0.6,0.6,40.0,5.2
Soa Palelei,5,2,93.2,6.0,1.8,1.6,0.6,40.0,9.4
TJ Waldburger,5,2,67.0,1.8,1.4,2.2,0.8,40.0,5.4
Vinc Pichel,5,2,30.6,5.0,4.0,4.6,0.2,40.0,13.6
Dan Henderson,13,5,39.85,9.0,2.54,3.23,0.54,38.46,14.77
Jan Blachowicz,13,5,18.31,8.23,2.92,4.46,0.08,38.46,15.62
Uriah Hall,13,5,22.54,5.92,2.54,3.38,0.15,38.46,11.85
Ed Herman,21,8,67.0,9.57,3.52,1.38,0.57,38.1,14.48
Cody Brundage,8,3,49.88,5.88,1.62,1.38,0.75,37.5,8.88
Darren Till,8,3,24.75,7.25,2.0,1.75,0.25,37.5,11.0
Jason Knight,8,3,24.75,8.5,1.62,4.38,0.38,37.5,14.5
Joey Beltran,8,3,78.38,14.62,4.5,3.5,0.0,37.5,22.62
Kyle Noke,8,3,70.88,9.0,4.12,4.12,0.75,37.5,17.25
Marcin Prachnio,8,3,8.5,6.75,7.88,11.0,0.0,37.5,25.62
Mark Hunt,8,3,16.75,6.62,1.0,1.75,0.12,37.5,9.38
Paulo Thiago,8,3,45.25,5.0,2.12,1.25,0.62,37.5,8.38
SeungWoo Choi,8,3,13.62,8.12,2.38,4.12,0.25,37.5,14.62
Shamil Abdurakhimov,8,3,19.0,4.88,2.38,2.38,0.12,37.5,9.62
TJ Brown,8,3,76.25,14.12,5.38,2.5,1.12,37.5,22.0
Viacheslav Borshchev,8,3,10.25,11.38,6.88,8.12,0.0,37.5,26.38
Alexander Gustafsson,11,4,35.18,7.18,1.45,2.91,0.27,36.36,11.55
Charles Rosa,11,4,39.09,9.27,4.27,7.18,0.55,36.36,20.73
Cody Durden,11,4,100.82,12.27,2.27,2.45,1.45,36.36,17.0
Cortney Casey,11,4,8.55,13.55,1.55,5.27,0.18,36.36,20.36
Jake Ellenberger,11,4,15.45,8.36,1.91,0.36,0.27,36.36,10.64
Marina Rodriguez,11,4,24.0,9.09,2.36,2.36,0.0,36.36,13.82
Marvin Vettori,11,4,49.64,15.55,2.27,3.64,0.27,36.36,21.45
Roy Nelson,11,4,57.73,6.64,0.82,0.64,0.36,36.36,8.09
Andre Fili,14,5,36.0,13.14,3.21,2.29,0.64,35.71,18.64
Eddie Wineland,14,5,9.29,8.21,3.14,1.43,0.14,35.71,12.79
Patrick Cote,14,5,38.79,5.21,2.0,4.43,0.21,35.71,11.64
Tim Means,23,8,43.13,10.09,6.17,2.7,0.43,34.78,18.96
Chase Sherman,12,4,5.33,10.42,5.0,7.5,0.08,33.33,22.92
Gian Villante,12,4,10.75,13.08,3.67,3.83,0.17,33.33,20.58
CB Dollaway,9,3,76.11,6.33,2.56,2.11,1.11,33.33,11.0
Francisco Rivera,9,3,17.33,12.78,2.56,3.22,0.33,33.33,18.56
John Howard,9,3,55.33,4.0,1.89,5.78,0.67,33.33,11.67
Manvel Gamburyan,9,3,64.22,4.33,1.67,1.89,0.78,33.33,7.89
Rogerio Nogueira,9,3,3.11,11.89,0.78,0.67,0.0,33.33,13.33
Sara McMann,9,3,164.89,7.33,2.33,0.56,0.78,33.33,10.22
Teruto Ishihara,9,3,35.44,9.56,3.56,3.56,0.11,33.33,16.67
Thiago Tavares,9,3,100.33,3.33,1.22,0.56,1.22,33.33,5.11
Trevor Smith,9,3,74.67,7.11,4.0,2.89,0.22,33.33,14.0
Brandon Thatch,6,2,12.17,5.83,3.83,3.0,0.33,33.33,12.67
CJ Vergara,6,2,8.0,4.83,3.33,3.83,0.0,33.33,12.0
Da'Mon Blackshear,6,2,113.67,4.33,2.67,4.67,1.17,33.33,11.67
David Branch,6,2,106.0,5.5,2.33,1.5,1.17,33.33,9.33
Douglas Silva de Andrade,6,2,20.17,4.67,3.17,7.17,0.33,33.33,15.0
Dusko Todorovic,6,2,85.33,9.5,3.0,1.67,0.83,33.33,14.17
Eric Shelton,6,2,35.83,8.67,1.67,1.33,1.33,33.33,11.67
Gadzhimurad Antigulov,6,2,87.0,4.17,1.33,0.67,1.0,33.33,6.17
Hector Lombard,6,2,19.33,9.67,1.17,5.5,0.33,33.33,16.33
Jamahal Hill,6,2,10.33,9.0,6.5,5.0,0.0,33.33,20.5
Jamie Varner,6,2,63.17,5.67,1.67,1.0,0.67,33.33,8.33
Jared Gooden,6,2,17.83,9.5,6.83,5.0,0.33,33.33,21.33
Jinh Yu Frey,6,2,56.67,7.33,3.0,3.67,0.17,33.33,14.0
Joe Soto,6,2,0.17,3.5,0.17,1.83,0.0,33.33,5.5
Kyle Kingsbury,6,2,44.0,7.67,3.33,4.67,0.33,33.33,15.67
Luigi Fioravanti,6,2,77.67,6.33,2.0,2.83,1.0,33.33,11.17
Luis Henrique,6,2,132.33,7.5,1.67,0.67,1.33,33.33,9.83
Mitch Clarke,6,2,47.5,2.83,2.0,5.17,0.33,33.33,10.0
Parker Porter,6,2,19.0,12.67,2.0,1.5,0.17,33.33,16.17
Pete Sell,6,2,65.5,4.67,0.83,0.83,0.33,33.33,6.33
Raulian Paiva,6,2,15.67,10.67,3.83,3.67,0.0,33.33,18.17
Ricardo Ramos,6,2,28.5,4.67,1.67,1.33,1.0,33.33,7.67
Rogerio Bontorin,6,2,100.33,6.83,1.67,2.17,0.83,33.33,10.67
Roman Kopylov,6,2,6.83,9.0,2.67,5.5,0.33,33.33,17.17
AJ Dobson,3,1,40.67,7.33,4.33,9.67,1.0,33.33,21.33
AJ Fletcher,3,1,151.0,8.0,1.67,1.0,0.33,33.33,10.67
Aaron Rosa,3,1,1.0,8.67,7.0,0.67,0.0,33.33,16.33
Aleksa Camur,3,1,51.33,13.33,5.67,3.0,0.0,33.33,22.0
Aleksei Kunchenko,3,1,0.0,3.33,1.0,3.33,0.0,33.33,7.67
Alessandro Costa,3,1,9.33,12.0,6.67,8.33,0.0,33.33,27.0
Alex Da Silva,3,1,208.33,3.67,2.0,2.0,1.67,33.33,7.67
Alex Karalexis,3,1,72.0,6.67,0.67,0.33,0.33,33.33,7.67
Allen Crowder,3,1,46.67,4.33,0.33,2.67,0.33,33.33,7.33
Alvaro Herrera Mendoza,3,1,3.67,4.33,2.0,0.33,0.0,33.33,6.67
Anshul Jubli,3,1,71.33,10.67,4.67,2.33,0.33,33.33,17.67
Anton Kuivanen,3,1,41.67,8.0,5.0,0.33,0.0,33.33,13.33
Antonio Rodrigo Nogueira,3,1,59.67,12.33,2.0,0.67,0.0,33.33,15.0
Augusto Montano,3,1,29.0,9.0,5.0,8.67,0.0,33.33,22.67
Austin Arnett,3,1,30.33,10.0,2.67,0.0,0.0,33.33,12.67
Bartosz Fabinski,3,1,145.67,3.67,0.67,0.33,1.0,33.33,4.67
Ben Nguyen,3,1,91.33,4.67,3.0,0.67,0.0,33.33,8.33
Bibulatov Magomed,3,1,11.67,3.33,5.67,1.67,1.0,33.33,10.67
Blake Bilder,3,1,89.33,7.67,0.33,8.33,0.33,33.33,16.33
Bolaji Oki,3,1,30.67,23.0,6.0,2.0,0.67,33.33,31.0
Brian Bowles,3,1,31.67,10.0,5.33,0.33,0.0,33.33,15.67
Brock Lesnar,3,1,47.0,3.67,1.33,1.0,0.33,33.33,6.0
Carlo Pedersoli Jr.,3,1,8.0,5.67,5.33,1.33,0.33,33.33,12.33
Carlos Leal,3,1,1.0,24.33,11.0,2.0,0.0,33.33,37.33
Chance Rencountre,3,1,47.67,3.0,1.67,2.67,0.67,33.33,7.33
Cheyanne Vlismas,3,1,16.0,9.33,0.67,1.33,0.33,33.33,11.33
Chris Clements,3,1,16.33,7.0,6.0,5.33,0.0,33.33,18.33
Chris Fishgold,3,1,59.67,9.67,1.0,3.0,1.67,33.33,13.67
Chris Kelades,3,1,30.33,2.67,1.33,0.67,0.0,33.33,4.67
Chris Tuchscherer,3,1,43.33,2.33,0.0,2.67,0.0,33.33,5.0
Christian Morecraft,3,1,99.33,8.0,0.67,1.0,0.67,33.33,9.67
Claudio Ribeiro,3,1,63.67,7.33,1.33,3.33,0.33,33.33,12.0
Clay Harvison,3,1,16.0,3.0,4.0,2.67,0.0,33.33,9.67
Cory McKenna,3,1,78.67,11.33,2.33,1.33,0.67,33.33,15.0
Cung Le,3,1,2.0,6.0,5.67,3.33,0.0,33.33,15.0
Curtis Millender,3,1,3.67,8.33,3.33,5.0,0.0,33.33,16.67
Daichi Abe,3,1,5.67,17.33,2.67,5.67,0.0,33.33,25.67
Damien Brown,3,1,59.67,9.0,1.33,3.0,0.67,33.33,13.33
Daniel Barez,3,1,32.67,12.33,5.67,4.0,0.33,33.33,22.0
Daniel Sarafian,3,1,37.0,9.33,3.67,2.0,0.0,33.33,15.0
Daniel Zellhuber,3,1,30.0,17.33,6.67,2.33,0.0,33.33,26.33
Danielle Taylor,3,1,0.0,6.0,1.33,5.33,0.0,33.33,12.67
Danny Henry,3,1,0.0,4.67,2.67,2.0,0.0,33.33,9.33
Danny Martinez,3,1,115.67,9.0,3.0,0.67,1.67,33.33,12.67
Darren Uyenoyama,3,1,51.0,3.67,1.67,1.0,1.0,33.33,6.33
Dave Herman,3,1,0.0,6.0,6.0,8.33,0.33,33.33,20.33
David Bielkheden,3,1,65.0,5.33,1.67,1.0,1.33,33.33,8.0
Dennis Buzukja,3,1,0.0,6.33,4.67,4.67,0.0,33.33,15.67
Devin Powell,3,1,4.67,4.67,6.67,2.0,0.0,33.33,13.33
Dione Barbosa,3,1,34.0,11.0,3.0,2.33,0.67,33.33,16.33
Eddie Gordon,3,1,108.0,9.33,0.0,0.0,0.67,33.33,9.33
Edgar Chairez,3,1,9.0,8.33,2.33,7.33,0.0,33.33,18.0
Elvis Sinosic,3,1,0.0,3.67,0.67,3.33,0.0,33.33,7.67
Felipe Silva,3,1,20.67,4.33,2.67,0.67,0.33,33.33,7.67
Gabe Green,3,1,1.0,5.33,3.0,6.33,0.0,33.33,14.67
Gabriella Fernandes,3,1,2.33,3.67,1.67,2.67,0.0,33.33,8.0
Geane Herrera,3,1,3.67,5.67,0.0,0.67,0.33,33.33,6.33
Gilbert Urbina,3,1,103.33,18.33,7.67,3.33,1.33,33.33,29.33
Harold Howard,3,1,0.0,4.0,1.0,0.0,0.33,33.33,5.0
Henry Briones,3,1,5.33,9.0,4.67,2.67,0.0,33.33,16.33
Hunter Azure,3,1,76.33,14.33,4.67,6.33,0.67,33.33,25.33
Hyun Gyu Lim,3,1,15.0,10.33,1.0,1.33,0.0,33.33,12.67
Ismael Bonfim,3,1,19.0,9.33,5.67,4.0,0.33,33.33,19.0
Ivan Jorge,3,1,46.67,5.33,4.67,5.67,0.0,33.33,15.67
Ivana Petrovic,3,1,114.33,2.33,0.33,0.0,0.67,33.33,2.67
Jack Jenkins,3,1,45.67,15.33,7.33,8.33,0.0,33.33,31.0
Jake Rosholt,3,1,59.0,3.0,0.67,1.67,1.67,33.33,5.33
Jaqueline Amorim,3,1,181.67,13.33,1.33,1.67,1.67,33.33,16.33
Jason Day,3,1,1.0,10.33,1.33,2.33,0.0,33.33,14.0
Jason Gonzalez,3,1,2.33,7.67,1.67,1.67,0.0,33.33,11.0
Jason Von Flue,3,1,57.0,3.67,3.33,0.67,0.0,33.33,7.67
Jason Young,3,1,58.67,4.67,3.33,7.0,0.67,33.33,15.0
Jeff Monson,3,1,42.0,3.0,1.0,0.0,0.33,33.33,4.0
Jesse Lennox,3,1,10.33,4.0,4.33,3.33,0.33,33.33,11.67
Jessin Ayari,3,1,2.0,6.67,1.0,4.33,0.0,33.33,12.0
Jesus Aguilar,3,1,18.0,0.67,0.33,1.0,0.0,33.33,2.0
Joe Charles,3,1,0.0,0.0,0.33,0.33,0.0,33.33,0.67
John Albert,3,1,48.0,12.0,4.67,1.67,0.0,33.33,18.33
John Salter,3,1,74.33,6.67,1.0,0.0,1.0,33.33,7.67
Jon Delos Reyes,3,1,63.33,4.67,3.67,2.0,0.67,33.33,10.33
Jordan Espinosa,3,1,13.0,1.67,2.67,4.67,0.0,33.33,9.0
Jordan Griffin,3,1,47.33,9.67,1.67,0.0,0.67,33.33,11.33
Jordan Rinaldi,3,1,82.67,5.0,1.67,2.67,0.67,33.33,9.33
Jose Ochoa,3,1,17.33,5.67,4.67,7.67,0.33,33.33,18.0
Joseph Morales,3,1,60.67,4.0,2.0,0.33,0.67,33.33,6.33
Josh Quinlan,3,1,18.33,4.33,1.33,3.0,0.33,33.33,8.67
Juan Adams,3,1,59.0,12.0,1.33,2.0,0.33,33.33,15.33
Julia Avila,3,1,0.0,9.0,3.33,5.67,0.0,33.33,18.0
Junior Albini,3,1,84.67,10.0,5.67,1.67,0.67,33.33,17.33
Junior Assuncao,3,1,99.33,4.33,3.33,1.33,1.33,33.33,9.0
Justin Buchholz,3,1,41.67,11.33,2.0,2.33,0.0,33.33,15.67
Justin Eilers,3,1,26.67,3.67,0.0,1.67,0.0,33.33,5.33
Justin McCully,3,1,100.33,3.33,0.0,0.67,0.33,33.33,4.0
Kaan Ofli,3,1,95.33,3.0,2.33,1.0,0.33,33.33,6.33
Kalib Starnes,3,1,55.0,10.33,5.67,0.33,0.67,33.33,16.33
Kamuela Kirk,3,1,93.67,6.33,2.67,2.67,0.33,33.33,11.67
Ken Stone,3,1,50.33,4.0,3.33,1.67,0.67,33.33,9.0
Kevin Borjas,3,1,25.0,9.33,1.67,3.33,0.0,33.33,14.33
Kevin Jousset,3,1,19.0,13.33,4.0,7.33,0.33,33.33,24.67
Khalid Taha,3,1,0.67,6.0,1.33,0.33,0.0,33.33,7.67
Kuniyoshi Hironaka,3,1,103.33,9.67,1.0,1.67,1.0,33.33,12.33
Kyle Bradley,3,1,3.67,4.33,4.33,2.33,0.33,33.33,11.0
Lara Procopio,3,1,121.33,19.67,8.33,9.0,0.67,33.33,37.0
Levan Makashvili,3,1,49.33,4.33,5.0,5.67,0.67,33.33,15.0
Louis Gaudinot,3,1,31.0,10.67,2.67,2.33,0.33,33.33,15.67
Luigi Vendramini,3,1,54.33,4.67,1.67,0.67,0.0,33.33,7.0
Luke Jumeau,3,1,4.67,7.67,2.0,3.33,0.0,33.33,13.0
Mackens Semerzier,3,1,131.33,5.33,4.33,3.67,1.33,33.33,13.33
Mads Burnell,3,1,81.67,3.0,1.0,1.33,0.67,33.33,5.33
Maria Oliveira,3,1,34.0,19.33,5.67,4.67,0.33,33.33,29.67
Markus Perez,3,1,69.67,4.33,3.67,1.33,1.0,33.33,9.33
Matthew Lopez,3,1,49.0,18.67,2.67,2.33,0.67,33.33,23.67
Maxim Grishin,3,1,26.33,5.33,2.67,5.67,0.0,33.33,13.67
Melissa Mullins,3,1,110.0,16.0,2.0,0.67,0.67,33.33,18.67
Mike Breeden,3,1,13.33,11.67,3.33,1.33,1.0,33.33,16.33
Milana Dudieva,3,1,70.33,1.67,1.0,1.33,1.0,33.33,4.0
Mizuto Hirota,3,1,52.0,11.0,1.33,5.33,1.33,33.33,17.67
Mohammed Usman,3,1,0.0,12.33,3.0,0.0,0.0,33.33,15.33
Muin Gafurov,3,1,46.67,7.67,4.0,1.67,0.0,33.33,13.33
Nad Narimani,3,1,3.0,8.33,2.0,3.67,0.0,33.33,14.0
Nadia Kassem,3,1,24.67,4.67,5.67,2.33,0.33,33.33,12.67
Orion Cosce,3,1,153.33,5.67,1.33,1.33,1.0,33.33,8.33
Per Eklund,3,1,33.0,3.33,4.0,1.33,0.33,33.33,8.67
Pete Rodriguez,3,1,5.0,8.0,4.67,3.0,0.0,33.33,15.67
Rachael Ostovich,3,1,15.0,4.67,3.0,0.67,1.33,33.33,8.33
Rafael Cavalcante,3,1,1.0,7.67,1.0,2.33,0.0,33.33,11.0
Ricardo Romero,3,1,36.67,3.0,0.33,0.0,0.33,33.33,3.33
Richie Vaculik,3,1,100.67,14.67,4.67,2.67,1.0,33.33,22.0
Robert Whiteford,3,1,22.33,10.33,2.0,1.0,0.0,33.33,13.33
Rodolfo Bellato,3,1,40.67,4.67,2.67,2.33,0.33,33.33,9.67
Ron Stallings,3,1,11.33,9.33,4.0,2.67,0.0,33.33,16.0
Ron Waterman,3,1,188.67,17.33,2.0,2.67,0.67,33.33,22.0
Ronnie Lawrence,3,1,45.0,2.0,3.0,2.33,0.67,33.33,7.33
Saparbeg Safarov,3,1,86.0,6.67,1.0,2.33,1.0,33.33,10.0
Sarah Kaufman,3,1,8.33,15.0,8.67,10.33,0.0,33.33,34.0
Scott Ferrozzo,3,1,0.0,9.67,2.67,0.67,1.33,33.33,13.0
Shamar Bailey,3,1,41.33,7.0,2.67,2.0,0.67,33.33,11.67
Shane Roller,3,1,5.67,6.0,1.0,1.0,0.0,33.33,8.0
Shanna Young,3,1,4.33,17.67,3.67,1.67,0.0,33.33,23.0
Shauna Bannon,3,1,12.33,6.0,7.67,6.0,0.0,33.33,19.67
Simeon Thoresen,3,1,51.67,15.33,7.0,2.67,0.33,33.33,25.0
Tae Hyun Bang,3,1,18.33,11.0,1.67,1.67,0.33,33.33,14.33
Tamires Vidal,3,1,32.67,5.33,3.67,3.67,0.0,33.33,12.67
Tereza Bleda,3,1,133.67,2.0,2.67,1.67,0.33,33.33,6.33
Tom Niinimaki,3,1,84.0,2.67,1.67,4.33,0.33,33.33,8.67
Tony Kelley,3,1,35.0,7.67,12.67,6.0,0.0,33.33,26.33
Toshiomi Kazama,3,1,83.0,4.67,1.0,1.33,0.33,33.33,7.0
Tra Telligman,3,1,0.0,4.67,0.67,1.33,0.0,33.33,6.67
Tucker Lutz,3,1,49.0,11.67,6.67,3.33,0.33,33.33,21.67
Tyson Nam,3,1,1.0,7.0,2.67,3.33,0.0,33.33,13.0
Vaughan Lee,3,1,0.0,13.0,9.33,2.67,0.0,33.33,25.0
Vik Grujic,3,1,73.0,7.0,0.67,0.67,0.67,33.33,8.33
Viviane Pereira,3,1,25.67,9.33,1.33,0.67,0.0,33.33,11.33
Will Brooks,3,1,42.67,8.0,4.33,4.0,0.33,33.33,16.33
William Knight,3,1,18.67,2.0,1.0,3.0,0.0,33.33,6.0
Yan Cabral,3,1,140.0,9.0,2.0,0.33,0.67,33.33,11.33
Yao Zhikui,3,1,44.0,2.67,0.33,0.0,0.0,33.33,3.0
Yaotzin Meza,3,1,85.67,1.0,1.0,1.33,0.67,33.33,3.33
Yorgan De Castro,3,1,6.67,2.33,1.33,3.0,0.0,33.33,6.67
Yui Chul Nam,3,1,109.33,20.67,8.0,1.33,0.0,33.33,30.0
Jessica Eye,13,4,42.23,13.54,4.62,2.31,0.08,30.77,20.46
Joshua Burkman,13,4,58.23,5.0,2.08,5.38,0.77,30.77,12.46
Yancy Medeiros,13,4,17.0,9.92,4.85,2.85,0.0,30.77,17.62
Jason MacDonald,10,3,58.5,1.1,1.1,4.6,0.4,30.0,6.8
Julian Erosa,10,3,18.7,5.1,4.0,2.3,0.1,30.0,11.4
Lando Vannata,10,3,37.8,11.5,3.8,5.2,0.4,30.0,20.5
Lucie Pudilova,10,3,61.5,10.6,2.7,1.1,0.4,30.0,14.4
Anthony Njokuani,7,2,5.29,10.86,4.86,2.71,0.14,28.57,18.43
Ashley Yoder,7,2,63.71,13.71,3.86,2.57,0.29,28.57,20.14
Brandon Davis,7,2,33.71,10.14,3.29,6.29,0.14,28.57,19.71
Cody Gibson,7,2,86.71,13.71,3.86,2.0,0.71,28.57,19.57
Damir Hadzovic,7,2,22.86,7.43,2.43,2.14,0.43,28.57,12.0
Don'Tale Mayes,7,2,55.86,6.71,3.86,3.0,0.43,28.57,13.57
Ivan Menjivar,7,2,25.71,5.29,2.86,1.43,0.29,28.57,9.57
Jessica Penne,7,2,89.71,7.43,4.14,0.71,0.71,28.57,12.29
Joe Doerksen,7,2,85.71,4.71,2.14,0.86,0.71,28.57,7.71
Josh Parisian,7,2,10.57,12.71,7.0,2.14,0.14,28.57,21.86
Julija Stoliarenko,7,2,25.57,7.71,1.86,2.71,0.57,28.57,12.29
Justin Scoggins,7,2,91.29,10.0,4.57,3.71,1.0,28.57,18.29
Kenny Robertson,7,2,66.86,8.57,4.29,4.0,0.43,28.57,16.86
Mayra Bueno Silva,7,2,41.86,6.29,6.29,4.86,0.43,28.57,17.43
Pat Barry,7,2,29.0,5.43,0.14,2.43,0.0,28.57,8.0
Peter Sobotta,7,2,105.43,4.86,1.57,2.86,0.43,28.57,9.29
Shane Young,7,2,23.14,8.0,6.14,4.0,0.14,28.57,18.14
Wellington Turman,7,2,82.14,9.86,2.43,3.14,0.57,28.57,15.43
Alessio Sakara,11,3,41.45,13.0,1.91,0.09,0.18,27.27,15.0
Niko Price,11,3,34.45,6.82,2.27,3.64,0.18,27.27,12.73
Austin Hubbard,8,2,27.88,8.0,5.0,2.88,0.5,25.0,15.88
Ji Yeon Kim,8,2,27.38,17.0,3.12,2.5,0.0,25.0,22.62
Leonard Garcia,8,2,23.5,8.12,2.25,3.5,0.0,25.0,13.88
Randa Markos,8,2,113.0,10.62,2.0,1.62,0.38,25.0,14.25
Anderson Dos Santos,4,1,52.75,8.5,1.5,2.5,0.25,25.0,12.5
Andre Fialho,4,1,12.0,8.5,2.25,1.25,0.0,25.0,12.0
Andrew Holbrook,4,1,11.0,6.5,2.75,1.25,0.0,25.0,10.5
Anthony Hamilton,4,1,63.25,3.0,4.25,0.25,0.25,25.0,7.5
Austen Lane,4,1,127.25,2.75,1.75,1.75,0.5,25.0,6.25
Brian Ebersole,4,1,63.5,5.75,1.75,4.75,0.25,25.0,12.25
Carlos Newton,4,1,59.75,1.5,0.75,1.0,1.0,25.0,3.25
Chris de la Rocha,4,1,63.75,11.25,3.25,1.0,0.5,25.0,15.5
Clay Collard,4,1,55.25,14.25,6.5,6.25,0.75,25.0,27.0
Cody Donovan,4,1,56.5,13.75,7.75,0.5,0.5,25.0,22.0
Cody Pfister,4,1,94.0,7.5,1.5,0.0,0.25,25.0,9.0
Dalcha Lungiambula,4,1,101.75,10.25,2.25,2.0,1.0,25.0,14.5
Dan Argueta,4,1,151.75,5.75,1.5,0.5,1.75,25.0,7.75
Daniel Spitz,4,1,0.5,3.75,2.0,2.25,0.25,25.0,8.0
Danny Chavez,4,1,2.5,5.25,1.5,5.5,0.25,25.0,12.25
Darrick Minner,4,1,63.75,6.5,2.25,3.0,1.0,25.0,11.75
Dominique Steele,4,1,90.25,6.25,1.75,0.0,0.75,25.0,8.0
Dongi Yang,4,1,34.0,7.5,2.0,3.25,0.5,25.0,12.75
Edwin Figueroa,4,1,44.5,7.75,4.5,1.5,0.0,25.0,13.75
Fabricio Camoes,4,1,57.75,3.0,1.0,0.75,1.0,25.0,4.75
Gabriel Miranda,4,1,51.0,7.0,4.0,1.0,1.25,25.0,12.0
Garreth McLellan,4,1,3.25,3.0,4.75,3.25,0.0,25.0,11.0
Guram Kutateladze,4,1,17.5,8.5,6.75,3.25,0.25,25.0,18.5
Hatsu Hioki,4,1,106.0,8.0,5.75,1.0,0.5,25.0,14.75
Ike Villanueva,4,1,1.25,14.25,3.0,0.5,0.25,25.0,17.75
Irina Alekseeva,4,1,9.75,10.0,4.0,7.5,0.0,25.0,21.5
Jarno Errens,4,1,4.25,7.25,5.75,4.5,0.0,25.0,17.5
Jason Dent,4,1,8.5,5.25,2.5,2.5,0.0,25.0,10.25
Jerrod Sanders,4,1,100.5,2.0,0.25,0.25,0.0,25.0,2.5
Jess Liaudin,4,1,83.75,13.25,1.0,2.0,0.5,25.0,16.25
Jessamyn Duke,4,1,11.25,8.5,5.0,1.75,0.0,25.0,15.25
Jim Alers,4,1,38.75,8.75,2.25,6.0,0.5,25.0,17.0
John Maguire,4,1,95.25,5.25,0.75,1.5,0.25,25.0,7.5
John Phillips,4,1,10.25,2.25,2.0,2.75,0.0,25.0,7.0
Johnny Bedford,4,1,125.0,11.5,4.75,0.5,0.5,25.0,16.75
Joseph Holmes,4,1,52.5,8.5,4.25,4.75,0.5,25.0,17.5
Josh Sampo,4,1,20.5,6.0,3.0,2.25,0.25,25.0,11.25
Journey Newson,4,1,14.0,4.5,2.25,1.25,0.25,25.0,8.0
Julian Marquez,4,1,0.0,15.75,4.0,2.5,0.0,25.0,22.25
Juliana Lima,4,1,123.5,3.25,1.75,1.75,0.25,25.0,6.75
Justin Edwards,4,1,99.5,8.25,3.5,1.75,1.25,25.0,13.5
Kai Kamaka,4,1,32.25,12.25,10.75,5.5,1.0,25.0,28.5
Kailin Curran,4,1,80.75,7.25,4.75,1.25,0.25,25.0,13.25
Katsunori Kikuno,4,1,6.5,8.5,1.75,2.5,0.0,25.0,12.75
Kimo Leopoldo,4,1,1.5,4.25,1.25,0.25,0.25,25.0,5.75
Kleydson Rodrigues,4,1,26.0,7.75,6.0,4.0,0.25,25.0,17.75
Leonardo Mafra,4,1,3.75,13.25,3.75,8.0,0.25,25.0,25.0
Lucas Alexander,4,1,34.5,7.0,2.0,3.75,0.0,25.0,12.75
Marcelo Golm,4,1,23.25,12.5,2.5,4.75,0.25,25.0,19.75
Mario Miranda,4,1,82.0,4.25,2.0,3.5,0.5,25.0,9.75
Mason Jones,4,1,82.5,17.0,6.0,3.75,0.5,25.0,26.75
Matt Grice,4,1,107.0,13.5,2.5,3.25,0.25,25.0,19.25
Mike Grundy,4,1,66.75,3.25,1.25,0.0,1.75,25.0,4.5
Mike Guymon,4,1,39.0,3.5,1.75,1.25,0.25,25.0,6.5
Mike Jackson,4,1,16.75,9.0,2.25,1.0,0.0,25.0,12.25
Mike Rodriguez,4,1,38.5,11.75,7.25,2.5,0.0,25.0,21.5
Montserrat Conejo Ruiz,4,1,83.5,5.25,0.25,2.75,0.25,25.0,8.25
Nam Phan,4,1,16.25,14.25,5.5,1.0,0.0,25.0,20.75
Nick Osipczak,4,1,81.5,8.0,3.25,4.0,0.5,25.0,15.25
Nikolas Motta,4,1,3.25,11.0,3.25,3.25,0.0,25.0,17.5
Oskar Piechota,4,1,7.25,11.5,3.0,1.25,0.0,25.0,15.75
Piotr Hallmann,4,1,49.0,9.75,7.0,4.25,0.5,25.0,21.0
Rafael Alves,4,1,35.75,3.5,1.0,1.25,0.25,25.0,5.75
Randy Costa,4,1,26.75,14.0,4.25,0.25,0.0,25.0,18.5
Rashad Coulter,4,1,12.75,16.25,4.5,0.5,0.0,25.0,21.25
Rolando Dy,4,1,7.25,4.5,3.25,2.0,0.0,25.0,9.75
Rony Jason,4,1,55.25,2.0,1.0,0.25,0.0,25.0,3.25
Sedriques Dumas,4,1,93.25,2.5,1.0,2.25,0.5,25.0,5.75
Sheymon Moraes,4,1,19.5,3.5,4.25,2.75,0.0,25.0,10.5
Syuri Kondo,4,1,0.0,10.75,3.75,1.75,0.0,25.0,16.25
Tafon Nchukwi,4,1,8.75,7.75,6.75,5.25,0.0,25.0,19.75
Talita Bernardo,4,1,100.5,7.0,2.75,4.5,0.5,25.0,14.25
Terry Martin,4,1,154.75,5.75,2.5,2.25,1.25,25.0,10.5
Thomas Petersen,4,1,42.5,5.5,4.5,2.75,0.5,25.0,12.75
Trevin Jones,4,1,20.25,4.0,3.25,4.0,0.0,25.0,11.25
Vagner Rocha,4,1,48.75,6.0,1.0,3.25,0.5,25.0,10.25
Viktor Pesta,4,1,139.0,4.25,0.75,0.5,1.5,25.0,5.5
Willie Gates,4,1,56.25,7.5,2.0,1.75,0.0,25.0,11.25
Wu Yanan,4,1,51.0,8.25,5.25,6.5,0.25,25.0,20.0
Yosdenis Cedeno,4,1,48.5,3.25,2.25,6.25,0.0,25.0,11.75
Yoshihiro Akiyama,4,1,86.75,4.75,0.75,5.25,1.0,25.0,10.75
Zhalgas Zhumagulov,4,1,18.0,7.0,9.25,7.5,0.5,25.0,23.75
Brad Pickett,9,2,40.11,9.11,1.56,1.56,0.67,22.22,12.22
Kurt Holobaugh,9,2,28.56,12.67,4.0,3.78,0.0,22.22,20.44
Roxanne Modafferi,9,2,78.89,7.89,1.78,2.11,0.44,22.22,11.78
Tim Elliott,9,2,62.33,7.44,3.44,3.89,0.78,22.22,14.78
Aaron Riley,5,1,37.0,3.0,4.6,2.8,0.4,20.0,10.4
Adam Fugitt,5,1,65.0,8.6,7.8,4.2,1.0,20.0,20.6
Andre Winner,5,1,33.6,4.0,4.6,3.4,0.0,20.0,12.0
Antonio Silva,5,1,15.0,1.2,1.2,1.6,0.0,20.0,4.0
Artem Lobov,5,1,18.2,6.0,3.0,6.0,0.2,20.0,15.0
Chico Camus,5,1,83.2,7.4,1.6,0.6,0.2,20.0,9.6
Daniel Teymur,5,1,85.4,11.2,1.8,6.6,0.2,20.0,19.6
Diana Belbita,5,1,13.2,17.8,9.6,6.8,0.4,20.0,34.2
Forrest Petz,5,1,71.8,3.0,3.0,1.0,0.2,20.0,7.0
Ihor Potieria,5,1,19.2,9.4,3.6,4.2,0.2,20.0,17.2
Jessica Aguilar,5,1,72.8,6.8,8.6,4.0,0.2,20.0,19.4
Joby Sanchez,5,1,11.2,10.0,3.6,0.4,0.0,20.0,14.0
Jordan Wright,5,1,78.0,9.8,4.8,1.4,1.0,20.0,16.0
Justin Jaynes,5,1,9.2,13.4,4.4,1.0,0.0,20.0,18.8
Kyle Bochniak,5,1,26.4,5.8,2.6,3.2,0.4,20.0,11.6
Luke Sanders,5,1,80.4,33.4,3.6,2.4,0.2,20.0,39.4
Maheshate,5,1,0.2,9.8,4.0,3.8,0.0,20.0,17.6
Mark Coleman,5,1,20.6,12.8,0.4,0.8,1.6,20.0,14.0
Mike de la Torre,5,1,30.8,7.0,2.6,0.4,0.2,20.0,10.0
Phillipe Nover,5,1,62.8,2.2,1.6,0.8,0.8,20.0,4.6
Ramsey Nijem,5,1,84.4,9.4,2.2,1.4,1.0,20.0,13.0
Rhys McKee,5,1,41.6,13.0,3.0,2.8,0.0,20.0,18.8
Rob Emerson,5,1,60.6,5.0,0.8,2.6,1.2,20.0,8.4
Sabina Mazo,5,1,1.4,9.6,2.6,4.6,0.0,20.0,16.8
Scott Askham,5,1,8.6,3.8,3.6,3.4,0.0,20.0,10.8
Scott Jorgensen,5,1,51.0,6.0,1.4,1.8,1.0,20.0,9.2
Sean O'Connell,5,1,108.0,14.0,4.8,2.6,0.0,20.0,21.4
Steven Peterson,5,1,47.6,9.8,4.0,4.8,0.4,20.0,18.6
Takashi Sato,5,1,6.8,5.2,1.0,1.0,0.2,20.0,7.2
Tarec Saffiedine,5,1,38.0,8.0,3.6,2.6,0.6,20.0,14.2
Thibault Gouti,5,1,22.0,15.8,2.4,2.0,0.0,20.0,20.2
Tim Hague,5,1,26.6,2.6,0.2,1.2,0.2,20.0,4.0
Victoria Leonardo,5,1,54.2,3.8,2.0,2.2,0.2,20.0,8.0
Vinny Magalhaes,5,1,23.8,2.6,2.8,1.4,0.4,20.0,6.8
Zak Ottow,5,1,49.2,3.4,0.8,1.4,0.2,20.0,5.6
Albert Morales,6,1,64.0,9.33,0.83,7.5,0.33,16.67,17.67
Eric Spicely,6,1,73.17,8.83,1.17,0.67,0.5,16.67,10.67
Frank Trigg,6,1,71.17,6.17,0.67,0.0,0.17,16.67,6.83
Gilbert Melendez,6,1,45.0,11.0,2.5,1.83,0.5,16.67,15.33
Jamie Pickett,6,1,28.67,2.67,2.17,1.17,0.33,16.67,6.0
Jared Vanderaa,6,1,9.0,8.67,3.33,6.5,0.0,16.67,18.5
Lukasz Brzeski,6,1,1.67,8.5,5.33,6.33,0.0,16.67,20.17
Rafaello Oliveira,6,1,58.5,5.0,3.5,2.17,0.5,16.67,10.67
Russell Doane,6,1,49.33,5.17,1.33,1.17,0.33,16.67,7.67
Wanderlei Silva,6,1,13.17,5.67,0.83,2.0,0.17,16.67,8.5
Alessio Di Chirico,7,1,23.57,6.86,1.57,2.29,0.14,14.29,10.71
Bethe Correia,7,1,17.43,9.57,2.43,3.43,0.14,14.29,15.43
Caol Uno,7,1,75.14,3.29,0.71,4.57,0.57,14.29,8.57
Jai Herbert,7,1,29.86,4.71,2.57,1.86,0.0,14.29,9.14
Phil Baroni,7,1,86.0,9.0,6.29,0.29,0.29,14.29,15.57
Igor Pokrajac,8,1,68.12,4.62,1.38,1.0,0.12,12.5,7.0
Takanori Gomi,8,1,18.0,3.62,2.62,0.25,0.0,12.5,6.5
Vince Morales,8,1,9.88,8.5,3.12,1.75,0.12,12.5,13.38
Pat Healy,6,0,46.5,7.5,4.17,2.0,0.5,0.0,13.67
Jesse Ronson,5,0,8.6,10.0,3.6,4.2,0.0,0.0,17.8
Malcolm Gordon,5,0,57.0,4.2,0.8,0.6,0.2,0.0,5.6
Naoyuki Kotani,5,0,43.6,2.2,0.2,0.6,0.2,0.0,3.0
Tom Watson,5,0,11.8,5.6,3.8,6.0,0.0,0.0,15.4
Alex Chambers,4,0,63.25,9.0,2.5,2.0,0.5,0.0,13.5
Andy Ogle,4,0,27.75,3.0,1.5,0.5,0.25,0.0,5.0
Bec Rawlings,4,0,28.25,14.0,3.75,4.25,0.25,0.0,22.0
Bojan Velickovic,4,0,9.25,2.75,2.0,5.75,0.0,0.0,10.5
Denis Tiuliulin,4,0,0.5,6.25,2.0,0.25,0.0,0.0,8.5
Dustin Pague,4,0,55.25,4.75,1.0,0.25,0.25,0.0,6.0
Edgar Garcia,4,0,53.5,8.75,0.75,0.75,1.0,0.0,10.25
Kevin Casey,4,0,110.0,4.75,2.25,1.75,0.0,0.0,8.75
Martin Day,4,0,31.5,6.75,4.5,2.25,0.25,0.0,13.5
Michihiro Omigawa,4,0,37.75,6.75,1.0,0.5,0.25,0.0,8.25
Mike Brown,4,0,81.75,7.0,0.25,6.25,0.75,0.0,13.5
Saimon Oliveira,4,0,46.5,2.5,2.5,2.5,0.25,0.0,7.5
Sean Soriano,4,0,41.75,9.75,4.5,6.25,0.25,0.0,20.5
Seth Petruzelli,4,0,14.0,7.25,2.0,2.0,0.0,0.0,11.25
Travis Lutter,4,0,129.25,2.75,0.5,0.0,1.0,0.0,3.25
Zarah Fairn,4,0,6.5,11.75,3.0,2.25,0.0,0.0,17.0
Aaron Phillips,3,0,0.33,3.33,4.67,1.33,0.0,0.0,9.33
Akbarh Arreola,3,0,41.67,7.33,2.67,2.33,0.33,0.0,12.33
Alen Amedovski,3,0,4.33,2.33,0.0,0.0,0.0,0.0,2.33
Angela Magana,3,0,71.0,2.67,4.0,3.67,0.0,0.0,10.33
Anton Turkalj,3,0,12.33,5.0,3.33,4.67,0.0,0.0,13.0
Azat Maksum,3,0,73.33,7.0,3.0,2.33,0.67,0.0,12.33
Bobby Moffett,3,0,28.33,7.0,2.33,3.33,0.33,0.0,12.67
Bobby Nash,3,0,64.33,6.0,1.33,3.0,0.67,0.0,10.33
Bojan Mihajlovic,3,0,2.0,1.0,0.67,1.33,0.0,0.0,3.0
Brad Imes,3,0,42.0,9.0,1.67,0.33,0.67,0.0,11.0
Caio Machado,3,0,0.0,5.67,7.67,8.33,0.0,0.0,21.67
Charlie Ontiveros,3,0,2.67,8.0,1.33,0.33,0.0,0.0,9.67
Chris Barnett,3,0,0.67,5.33,2.33,4.33,0.0,0.0,12.0
Christian Colombo,3,0,3.0,5.33,3.0,0.67,0.0,0.0,9.0
Cole Escovedo,3,0,13.33,3.67,5.0,0.67,0.0,0.0,9.33
Damian Grabowski,3,0,0.0,3.33,2.0,0.33,0.0,0.0,5.67
Daniel Lacerda,3,0,23.67,15.0,4.33,4.0,0.67,0.0,23.33
Darrell Horcher,3,0,49.33,4.33,3.0,1.33,0.33,0.0,8.67
Darrell Montague,3,0,12.67,3.0,1.0,2.33,0.33,0.0,6.33
Dmitrii Smoliakov,3,0,0.0,3.33,2.0,0.67,0.0,0.0,6.0
Dominic Waters,3,0,124.33,2.67,0.33,0.0,1.0,0.0,3.0
Dustin Kimura,3,0,14.67,3.0,2.67,2.0,0.67,0.0,7.67
Fernie Garcia,3,0,18.33,5.33,0.33,1.0,0.0,0.0,6.67
Francisco Prado,3,0,50.67,4.67,4.0,3.33,0.67,0.0,12.0
Gabe Ruediger,3,0,60.0,4.0,2.33,0.67,0.67,0.0,7.0
Gloria de Paula,3,0,1.0,8.67,1.33,2.0,0.0,0.0,12.0
Harry Hunsucker,3,0,0.0,1.0,0.33,1.67,0.0,0.0,3.0
Henrique da Silva,3,0,63.67,9.33,5.0,2.0,0.33,0.0,16.33
Herbert Burns,3,0,31.33,4.67,3.0,0.67,0.67,0.0,8.33
Hu Yaozong,3,0,56.33,7.67,3.33,4.33,0.0,0.0,15.33
Humberto Bandenay,3,0,38.67,3.33,3.33,2.33,1.0,0.0,9.0
Istela Nunes,3,0,23.67,10.67,7.33,7.67,0.0,0.0,25.67
JP Buys,3,0,16.67,2.67,1.0,2.0,0.0,0.0,5.67
Jenel Lausa,3,0,26.67,0.67,0.33,0.33,0.33,0.0,1.33
Jerome Rivera,3,0,3.33,1.0,4.33,3.0,0.0,0.0,8.33
Jocelyn Jones-Lybarger,3,0,28.33,7.33,1.33,2.67,0.33,0.0,11.33
John Alessio,3,0,67.67,7.67,2.0,0.67,0.0,0.0,10.33
Jorge Santiago,3,0,30.33,2.67,0.33,2.0,0.33,0.0,5.0
Josh Haynes,3,0,14.0,3.67,2.33,1.0,0.33,0.0,7.0
Jumabieke Tuerxun,3,0,12.67,3.0,2.0,2.67,0.0,0.0,7.67
Kamal Shalorus,3,0,19.67,5.33,2.33,2.0,0.33,0.0,9.67
Kazuki Tokudome,3,0,98.67,6.0,0.67,3.0,0.33,0.0,9.67
Kazula Vargas,3,0,122.67,6.33,2.33,1.33,0.33,0.0,10.0
Khadis Ibragimov,3,0,23.67,21.0,0.67,1.0,0.0,0.0,22.67
Kris Moutinho,3,0,0.0,7.33,1.33,5.0,0.0,0.0,13.67
Lucas Almeida,3,0,0.0,1.33,0.33,4.67,0.0,0.0,6.33
Lukasz Sajewski,3,0,98.33,4.33,4.0,1.0,0.67,0.0,9.33
Maki Pitolo,3,0,24.0,16.33,5.0,1.67,0.33,0.0,23.0
Marcus Aurelio,3,0,0.0,8.33,0.67,0.33,0.0,0.0,9.33
Mike Rhodes,3,0,25.0,2.33,1.0,3.0,0.33,0.0,6.33
Mike Santiago,3,0,90.33,6.33,1.67,4.67,1.0,0.0,12.67
Nate Mohr,3,0,40.33,4.67,1.0,2.0,0.33,0.0,7.67
Oluwale Bamgbose,3,0,45.67,6.67,5.0,4.33,0.67,0.0,16.0
Ricardo Funch,3,0,43.0,2.0,1.0,1.67,0.33,0.0,4.67
Robert Valentin,3,0,32.67,2.33,0.0,0.33,0.0,0.0,2.67
Roger Bowling,3,0,46.33,7.0,2.0,2.67,0.67,0.0,11.67
Ryan Jensen,3,0,74.67,13.0,1.0,0.67,0.67,0.0,14.67
Scott Smith,3,0,52.0,2.33,0.67,1.0,0.0,0.0,4.0
Silvana Gomez Juarez,3,0,23.67,5.0,0.67,0.67,0.0,0.0,6.33
Teemu Packalen,3,0,39.67,2.67,2.33,0.0,0.33,0.0,5.0
Terrion Ware,3,0,12.0,8.67,3.0,3.0,0.0,0.0,14.67
Tonya Evinger,3,0,108.0,2.0,4.67,2.33,0.33,0.0,9.0
Tor Troeng,3,0,121.67,4.0,4.0,1.67,0.33,0.0,9.67
Will Campuzano,3,0,31.33,8.33,2.33,0.67,1.0,0.0,11.33
Yohan Lainesse,3,0,12.33,3.0,2.67,3.33,0.33,0.0,9.0
Yoji Anjo,3,0,8.0,0.33,0.0,1.67,0.0,0.0,2.0
